"wavelength","2MF3H","2MF3H_adj.r.squared","PLP","PLP_adj.r.squared"
"190",13409.7222222222,-0.17430969435498,6655.99999999999,0.419347191386786
"190.5",20111.1111111111,0.695758080966018,6826,0.23360931208383
"191",18694.4444444444,0.948223875725258,9725.99999999999,0.393250077337198
"191.5",16166.6666666667,0.959953001349617,10334,0.941262764776496
"192",11538.1944444444,0.143200127214927,13184,0.750930708148839
"192.5",10611.1111111111,-0.118390641778676,3888,0.315730065446006
"193",16541.6666666667,0.549601260870289,6930,0.767526342960483
"193.5",26166.6666666667,0.896376797577931,7064,0.865942350591561
"194",22506.9444444444,0.566991278449665,12970,0.829523752418321
"194.5",13472.2222222222,0.603712277024861,14080,0.513073872695311
"195",18159.7222222222,0.549295147898487,10336,0.756934100459761
"195.5",26729.1666666667,0.513819171647628,9944,0.647613300007799
"196",17920.1388888889,0.905128043261782,10674,0.911674076311049
"196.5",10875,0.23442522797718,18172,0.80000390526827
"197",14034.7222222222,0.946963735342395,15254,0.85332439768307
"197.5",11392.3611111111,0.697734365699167,9610,0.941844782446417
"198",11010.4166666667,0.776718195496359,3704,0.260474892540191
"198.5",15680.5555555556,0.918131044400003,15380,0.837882877529265
"199",14559.0277777778,0.763329635909546,9862,0.994286196568424
"199.5",8111.11111111111,0.998132035067811,7590,0.785508289023749
"200",8399.30555555556,0.997580453215015,5708,0.863144588690495
"200.5",9496.52777777778,0.9968243465431,5526,0.85192451065985
"201",9111.11111111111,0.999145631631661,4588,0.877418352888622
"201.5",9138.88888888889,0.999057384971826,4582,0.811939567292751
"202",9420.13888888889,0.998874678501391,4458,0.834412687612747
"202.5",9319.44444444445,0.999428856881192,4546,0.842910155183902
"203",9322.91666666667,0.999344875994385,4556,0.836149504603786
"203.5",9434.02777777778,0.999210801552943,4728,0.832243730332793
"204",9392.36111111111,0.999379103025865,4816,0.841938828408502
"204.5",9399.30555555556,0.999286760187606,4958,0.847563267337805
"205",9381.94444444445,0.999323119891568,5062,0.853704748561442
"205.5",9368.05555555556,0.999349936009755,5200,0.860394541249202
"206",9347.22222222222,0.999396671347269,5346,0.867961057236672
"206.5",9309.02777777778,0.999396299780757,5480,0.875401210593425
"207",9288.19444444445,0.999365104199043,5628,0.884379611046231
"207.5",9260.41666666667,0.999416919454358,5810,0.892202380985114
"208",9211.80555555556,0.999351128424452,5982,0.900957609905899
"208.5",9177.08333333334,0.999346211165637,6162,0.908100052461928
"209",9118.05555555556,0.999394665050894,6331.99999999999,0.915228784746931
"209.5",9069.44444444445,0.999411887089354,6520,0.922805733564199
"210",9006.94444444444,0.999446468151863,6724,0.929708165103266
"210.5",8940.97222222222,0.999450479454791,6932,0.936295450813727
"211",8878.47222222222,0.999393202306412,7148,0.942869772667713
"211.5",8798.61111111111,0.999419955041067,7356,0.948777948816075
"212",8725.69444444445,0.999485700853287,7566,0.954759901559589
"212.5",8635.41666666667,0.999455507671621,7786,0.959719860238332
"213",8552.08333333333,0.999464615430248,8018,0.964359356639984
"213.5",8447.91666666667,0.999451335817436,8238,0.968320206044063
"214",8357.63888888889,0.999418726529725,8462,0.972050113876485
"214.5",8260.41666666667,0.999445223063248,8676,0.975329745799387
"215",8156.25,0.999430967436881,8896,0.978170711783902
"215.5",8041.66666666667,0.999456558201946,9115.99999999999,0.980719551760249
"216",7934.02777777778,0.999417030185201,9302,0.983322480007442
"216.5",7819.44444444445,0.99944534018741,9500,0.985482596672958
"217",7704.86111111111,0.99947195268891,9704,0.987350582003629
"217.5",7576.38888888889,0.999409195884946,9890,0.988812456175778
"218",7468.75,0.999476926766507,10064,0.990269147889303
"218.5",7343.75,0.999440210328958,10216,0.991506784998918
"219",7239.58333333333,0.999423991611662,10350,0.992800943151699
"219.5",7111.11111111111,0.999472326957086,10492,0.993643234371676
"220",6993.05555555556,0.999473583036361,10624,0.994544768883424
"220.5",6868.05555555556,0.999434332491901,10754,0.995200506396584
"221",6763.88888888889,0.999535285625468,10832,0.995965750220317
"221.5",6656.25,0.999491585591933,10926,0.996525700386663
"222",6555.55555555556,0.999505289254344,11018,0.996809307624588
"222.5",6461.80555555556,0.999439764591448,11084,0.997206012918624
"223",6354.16666666667,0.999516415023373,11106,0.997584985981302
"223.5",6263.88888888889,0.999482113566413,11124,0.997906522724367
"224",6180.55555555556,0.999488875146712,11146,0.998170551405627
"224.5",6090.27777777778,0.999452177642609,11156,0.998326294012875
"225",6020.83333333333,0.999439472319374,11142,0.998498702889726
"225.5",5951.38888888889,0.999426319872606,11106,0.998650545181496
"226",5888.88888888889,0.999455770019392,11092,0.998803028196375
"226.5",5833.33333333333,0.999564327257528,11076,0.998942559206128
"227",5788.19444444445,0.999478749790906,11036,0.999037215585725
"227.5",5763.88888888889,0.999553769019235,11012,0.999129481328321
"228",5729.16666666667,0.999548345401936,10972,0.999298379158214
"228.5",5718.75,0.999598648895179,10952,0.999295815492059
"229",5704.86111111111,0.999618907943492,10922,0.999349733396055
"229.5",5704.86111111111,0.999618907943492,10888,0.999409891800006
"230",5715.27777777778,0.99956606767278,10842,0.999482913015193
"230.5",5725.69444444445,0.999639319007815,10792,0.999530109586163
"231",5750,0.999691567319261,10750,0.999562442439727
"231.5",5760.41666666667,0.999643653046657,10702,0.999571913010461
"232",5795.13888888889,0.999647909439867,10628,0.999616368014807
"232.5",5819.44444444445,0.999698883091182,10546,0.999669587070135
"233",5840.27777777778,0.999715866923941,10446,0.999663232103227
"233.5",5868.05555555556,0.999684951167431,10350,0.999682486883684
"234",5899.30555555556,0.999660230911367,10230,0.999674995829973
"234.5",5934.02777777778,0.999664194623349,10090,0.999665916336887
"235",5968.75,0.999769575508008,9944,0.999688424131438
"235.5",5989.58333333334,0.999783270134456,9774,0.999698211308599
"236",6017.36111111111,0.999757305390716,9580,0.999678417640492
"236.5",6038.19444444444,0.999774844399627,9360,0.999691877901483
"237",6062.5,0.999722539257743,9106,0.999666785872666
"237.5",6083.33333333333,0.99982605069938,8852,0.999638362372539
"238",6107.63888888889,0.999779934626689,8564,0.999629008847299
"238.5",6118.05555555556,0.999828019323671,8272,0.999585885752156
"239",6138.88888888889,0.999838779844922,7960,0.999534247336122
"239.5",6142.36111111111,0.999782415254576,7628,0.999471815015682
"240",6142.36111111111,0.999782415254576,7306,0.999482433722638
"240.5",6142.36111111111,0.999782415254576,6974,0.999407348338023
"241",6142.36111111111,0.999859089899685,6654,0.999349000134101
"241.5",6131.94444444445,0.99981533371378,6328,0.999232629327817
"242",6104.16666666667,0.999836940696884,6030,0.999137481302475
"242.5",6083.33333333333,0.99982605069938,5722,0.999081722542485
"243",6059.02777777778,0.999867007958178,5454,0.999111805169646
"243.5",6024.30555555556,0.999865470628584,5202,0.998977667779696
"244",5989.58333333333,0.999863906488636,4966,0.998977387938559
"244.5",5944.44444444445,0.999817828267321,4752,0.998958101003664
"245",5895.83333333333,0.999825214840092,4566,0.998790520858195
"245.5",5840.27777777778,0.999811272742695,4392,0.998780442322754
"246",5781.25,0.999853922189219,4244,0.998756495999219
"246.5",5725.69444444445,0.99983783753969,4112,0.998608859245674
"247",5656.25,0.999833831649984,3998,0.998629631805743
"247.5",5572.91666666667,0.99984279750572,3886,0.998473444038851
"248",5493.05555555556,0.999786662831392,3790,0.998551952360485
"248.5",5399.30555555556,0.999832526635501,3704,0.998516296274721
"249",5305.55555555556,0.999784165267738,3618,0.998473357011919
"249.5",5201.38888888889,0.999775435094505,3544,0.998379451418537
"250",5097.22222222222,0.999766164353055,3470,0.998431990708093
"250.5",4996.52777777778,0.99978706093389,3396,0.998328725549296
"251",4878.47222222222,0.999794863482914,3330,0.998297527361167
"251.5",4760.41666666667,0.999797329106147,3270,0.998234552332913
"252",4649.30555555556,0.999754072991805,3202,0.998261615049636
"252.5",4520.83333333333,0.999685059803251,3138,0.997971274940722
"253",4381.94444444445,0.999664783427495,3070,0.997997350993377
"253.5",4253.47222222222,0.999730161003934,3002,0.998022584470129
"254",4114.58333333333,0.999711640126878,2942,0.997941217870469
"254.5",3975.69444444445,0.999691145013136,2868,0.998001068427954
"255",3836.80555555556,0.999668384788278,2802,0.997730666022307
"255.5",3697.91666666667,0.999643012970529,2734,0.997750995861597
"256",3559.02777777778,0.999614614209793,2668,0.997690624473994
"256.5",3420.13888888889,0.999582687185405,2594,0.997502099387839
"257",3281.25,0.999546622336406,2528,0.997428207243008
"257.5",3142.36111111111,0.999505672559945,2454,0.997487492167063
"258",2993.05555555556,0.999281678773204,2380,0.997272112104209
"258.5",2843.75,0.99934282584885,2308,0.996915606312666
"259",2729.16666666667,0.999068232553625,2232,0.997086258294067
"259.5",2586.80555555556,0.999270657938573,2168,0.99650534895568
"260",2458.33333333333,0.998995215311005,2094,0.996170206958049
"260.5",2312.5,0.998702527368563,2028,0.99600752711118
"261",2184.02777777778,0.998886180812507,1952,0.996192670157068
"261.5",2065.97222222222,0.99885688479939,1886,0.995549924598748
"262",1937.5,0.998383060635226,1824,0.995906572983861
"262.5",1826.38888888889,0.997921027936187,1772,0.995382388052119
"263",1722.22222222222,0.997662337662337,1712,0.995054137874748
"263.5",1614.58333333333,0.998129287050509,1660,0.994403308844797
"264",1500,0.997144079580704,1604,0.994710912809073
"264.5",1395.83333333333,0.996702889602371,1558,0.993860520075164
"265",1291.66666666667,0.996151073951276,1518,0.99353411398695
"265.5",1201.38888888889,0.995203996669442,1476,0.994140239218699
"266",1118.05555555556,0.994867358708189,1436,0.993810609280223
"266.5",1027.77777777778,0.993454545454546,1398,0.992382329284558
"267",944.444444444445,0.992816787732042,1364,0.992695763799743
"267.5",875,0.991637958033198,1336,0.992853956641984
"268",805.555555555556,0.990143964562569,1308,0.993004747277297
"268.5",736.111111111111,0.988211920529801,1282,0.991960687009041
"269",670.138888888889,0.98068106532397,1254,0.99208279037992
"269.5",621.527777777778,0.97904292968149,1234,0.991825484945464
"270",562.5,0.979924812030075,1212,0.992829268292683
"270.5",503.472222222222,0.969937077604288,1200,0.992207361556317
"271",468.75,0.965424819083356,1180,0.991942396708383
"271.5",423.611111111111,0.947859922178989,1164,0.992702273929138
"272",375,0.936453201970443,1152,0.992066918510523
"272.5",340.277777777778,0.923517786561265,1132,0.99178566993667
"273",305.555555555556,0.906295399515739,1124,0.992176377952756
"273.5",281.25,0.871637630662021,1112,0.991489224831135
"274",250,0.859440559440559,1098,0.990829499925805
"274.5",225.694444444445,0.805355303810505,1084,0.991591632252386
"275",201.388888888889,0.730731707317073,1078,0.991917013300467
"275.5",177.083333333333,0.71353032659409,1064,0.991274413376423
"276",166.666666666667,0.725531914893617,1056,0.991674395377042
"276.5",142.361111111111,0.598692810457517,1044,0.990938936309915
"277",131.944444444444,0.605102040816327,1030,0.991732128461351
"277.5",111.111111111111,0.484615384615385,1022,0.992148421874702
"278",107.638888888889,0.415238095238095,1012,0.989736229635376
"278.5",83.3333333333333,0.3,1002,0.991833580980684
"279",72.9166666666667,0.127014218009479,996,0.990647539669819
"279.5",65.9722222222222,0.0334975369458129,984,0.989807976366322
"280",52.0833333333333,0.0152671755725191,970,0.990684213861721
"280.5",41.6666666666667,-0.18235294117647,958,0.989779884423089
"281",31.25,-0.272897196261682,950,0.990290407098351
"281.5",17.3611111111111,-0.417582417582417,942,0.990766749546402
"282",31.25,-0.272897196261682,930,0.989871150003445
"282.5",17.3611111111111,-0.417582417582417,916,0.988955139125497
"283",6.94444444444444,-0.483333333333333,910,0.989424206815511
"283.5",3.47222222222224,-0.496385542168675,896,0.990376237623762
"284",0,-0.482352941176471,882,0.989476908937735
"284.5",0,-0.44,878,0.987848374893847
"285",0,-0.417582417582417,870,0.988437032958389
"285.5",0,-0.482352941176471,861.999999999999,0.988986560504449
"286",0,-0.372881355932204,850,0.987890936049864
"286.5",0,-0.372881355932204,844,0.988332961889904
"287",0,-0.372881355932204,832,0.987076076993584
"287.5",0,-0.372881355932204,828,0.989536500579374
"288",0,-0.372881355932204,821.999999999999,0.987897472033824
"288.5",0,-0.417582417582417,818,0.988132728404946
"289",0,-0.137313432835821,816,0.988412017167382
"289.5",0,-0.137313432835821,808,0.989015934801119
"290",0,-0.271428571428572,804,0.987153374233129
"290.5",0,-0.271428571428572,810,0.988835436144141
"291",0,-0.271428571428572,810,0.988835436144141
"291.5",0,-0.372881355932203,810,0.988835436144141
"292",0,-0.372881355932203,810,0.988835436144141
"292.5",0,-0.372881355932203,814,0.990587600107982
"293",0,-0.372881355932203,816,0.990366479646652
"293.5",0,-0.372881355932203,816,0.990366479646652
"294",0,-0.372881355932203,828,0.991437521754264
"294.5",0,-0.372881355932203,836,0.990819112627986
"295",0,-0.372881355932203,842,0.990463910301332
"295.5",0,-0.372881355932203,854,0.991443762781186
"296",0,-0.372881355932203,860,0.992734122712594
"296.5",0,-0.372881355932203,880,0.99305912596401
"297",0,-0.372881355932203,888,0.992549969715324
"297.5",0,-0.254545454545455,906,0.994421653113242
"298",0,-0.254545454545455,920,0.99364705882353
"298.5",0,-0.254545454545455,932,0.994329755023397
"299",0,-0.254545454545455,946,0.994881845920845
"299.5",0,-0.254545454545455,972,0.995921297078196
"300",0,-0.254545454545455,988,0.995074334259108
"300.5",0,-0.254545454545455,1012,0.996236559139785
"301",0,-0.254545454545455,1032,0.996380666916448
"301.5",0,-0.254545454545455,1052,0.996516659454782
"302",0,-0.254545454545455,1072,0.996645134403001
"302.5",0,-0.285714285714286,1098,0.997347111133191
"303",0,-0.285714285714286,1118,0.996675979883452
"303.5",0,-0.285714285714286,1144,0.997363924823041
"304",0,-0.285714285714286,1170,0.997942777105006
"304.5",0,-0.285714285714286,1192,0.997285449334008
"305",0,-0.285714285714286,1224,0.997696737044146
"305.5",0,-0.285714285714286,1258,0.997978166214425
"306",0,-0.285714285714286,1284,0.997906672481465
"306.5",0,-0.285714285714286,1312,0.997758596686621
"307",0,-0.285714285714286,1338,0.998212432631473
"307.5",0,-0.285714285714286,1370,0.998499025963657
"308",0,-0.285714285714286,1398,0.998362415284124
"308.5",0,-0.285714285714286,1430,0.998622226130801
"309",0,-0.285714285714286,1464,0.998780442322754
"309.5",0,-0.285714285714286,1494,0.999016789791807
"310",0,-0.285714285714286,1528,0.999167836717921
"310.5",0,-0.47,1556,0.999068784466532
"311",0,-0.285714285714286,1582,0.999008137742675
"311.5",0,-0.285714285714286,1622,0.999056424593738
"312",0,-0.47,1648,0.999284557632857
"312.5",0,-0.491428571428572,1680,0.99940499801666
"313",0,-0.44,1708,0.999333918096596
"313.5",0,-0.44,1740,0.999445310230064
"314",0,-0.491428571428572,1766,0.999603792818264
"314.5",0,-0.44,1800,0.999481660660512
"315",0,-0.44,1832,0.999563922316216
"315.5",0,-0.44,1860,0.999514551885157
"316",0,-0.44,1886,0.999652596252762
"316.5",0,-0.44,1918,0.999716259627876
"317",0,-0.44,1938,0.99972208468431
"317.5",0,-0.44,1966,0.999680288051154
"318",0,-0.44,1998,0.999738522804118
"318.5",0,-0.44,2018,0.999743679137348
"319",0,-0.4,2044,0.999833429063756
"319.5",0,-0.4,2070,0.999789989499475
"320",0,-0.4,2090,0.99979398905853
"320.5",0,-0.44,2110,0.99990566842902
"321",0,-0.44,2138,0.999771640556987
"321.5",0,-0.44,2158,0.99977585311079
"322",0,-0.44,2172,0.999816877765909
"322.5",0,-0.44,2196,0.9998805673053
"323",0,-0.44,2216,0.999760559021387
"323.5",0,-0.44,2230,0.999819040916859
"324",0,-0.44,2248,0.999900273851171
"324.5",0,-0.44,2256,0.999886835156545
"325",0,-0.44,2268,0.999902024820379
"325.5",0,-0.44,2282,0.999845623898342
"326",0,-0.44,2290,0.999828398192461
"326.5",0,-0.44,2296,0.999776951672862
"327",0,-0.254545454545455,2304,0.999755899104963
"327.5",0,-0.44,2304,0.999868898901463
"328",0,-0.44,2310,0.999831356456237
"328.5",3.47222222222221,-0.472727272727273,2310,0.999831356456237
"329",0,-0.254545454545455,2310,0.999831356456237
"329.5",0,-0.44,2316,0.999780786781592
"330",0,-0.48421052631579,2316,0.999892622254038
"330.5",0,-0.35,2310,0.99969646892179
"331",3.47222222222225,-0.472727272727273,2312,0.999726166783881
"331.5",0,-0.35,2306,0.999767601899798
"332",0,-0.35,2304,0.999868898901463
"332.5",0,-0.35,2298,0.999666034328036
"333",0,-0.35,2298,0.99980232888384
"333.5",3.47222222222225,-0.472727272727273,2292,0.999721367885746
"334",3.47222222222225,-0.472727272727273,2278,0.999798843155465
"334.5",3.47222222222225,-0.472727272727273,2278,0.999798843155465
"335",3.47222222222225,-0.472727272727273,2272,0.9997164417311
"335.5",3.47222222222225,-0.472727272727273,2266,0.999759326113117
"336",3.47222222222225,-0.472727272727273,2260,0.999671150503453
"336.5",3.47222222222225,-0.472727272727273,2252,0.999711383780715
"337",3.47222222222225,-0.472727272727273,2252,0.999711383780715
"337.5",3.47222222222225,-0.472727272727273,2246,0.999755021465352
"338",3.47222222222224,-0.399999999999999,2240,0.999665253291676
"338.5",0,-0.5,2246,0.999755021465352
"339",0,-0.5,2246,0.999755021465352
"339.5",0,-0.254545454545455,2246,0.999755021465352
"340",0,-0.5,2248,0.999615415051041
"340.5",0,-0.5,2252,0.999711383780715
"341",0,-0.254545454545455,2254,0.999709534586244
"341.5",0,-0.254545454545455,2268,0.999622166246852
"342",0,-0.254545454545455,2276,0.999564619968813
"342.5",0,-0.5,2286,0.999763518296719
"343",0,-0.254545454545455,2292,0.999721367885746
"343.5",0,-0.5,2314,0.999724399598176
"344",0,-0.5,2322,0.999672900835549
"344.5",0,-0.5,2334,0.999729101741017
"345",0,-0.5,2360,0.999806115268064
"345.5",0,-0.5,2380,0.999809359731127
"346",0,-0.5,2394,0.999742508138208
"346.5",0,-0.5,2414,0.999746756388568
"347",3.47222222222225,-0.472727272727273,2442,0.999704252130089
"347.5",3.47222222222225,-0.472727272727273,2470,0.99965586745981
"348",13.8888888888889,0.0999999999999995,2494,0.99976273987224
"348.5",3.47222222222225,-0.472727272727273,2522,0.999722713882854
"349",3.47222222222224,-0.399999999999999,2554,0.999773754962522
"349.5",3.47222222222225,-0.472727272727273,2580,0.999747653780988
"350",0,-0.35,2608,0.999802427321479
"350.5",0,-0.35,2642,0.999747326444493
"351",0,-0.35,2674,0.999793602805659
"351.5",0,-0.35,2708,0.999816747930233
"352",0,-0.35,2742,0.999765417421347
"352.5",0,-0.35,2774,0.999808213553429
"353",0,-0.35,2814,0.999813626480192
"353.5",0,-0.35,2848,0.999834319526627
"354",0,-0.35,2888,0.999838876740706
"354.5",0,-0.35,2928,0.999843248488468
"355",0,-0.35,2962,0.999853663540111
"355.5",0,-0.35,3008,0.9998514746446
"356",0,-0.35,3054,0.999841765027498
"356.5",0,-0.35,3080,0.999886161448364
"357",0,-0.35,3132,0.999911926605505
"357.5",0,-0.35,3166,0.999876700603928
"358",0,-0.35,3208,0.999869415166496
"358.5",0,-0.35,3252,0.999918306215535
"359",0,-0.35,3300,0.999900833002777
"359.5",0,-0.35,3340,0.999935461201426
"360",0,-0.35,3374,0.999912512934207
"360.5",0,-0.35,3418,0.999951725141444
"361",0,-0.35,3466,0.999937071633457
"361.5",0,-0.35,3512,0.999929953821408
"362",0,-0.35,3546,0.999939878898925
"362.5",0,-0.35,3598,0.999956434352594
"363",0,-0.35,3646,0.999943131470112
"363.5",0,-0.35,3686,0.999944358987569
"364",0,-0.35,3730,0.999969812796212
"364.5",0,-0.35,3772,0.99993927705966
"365",0,-0.35,3818,0.999961310238381
"365.5",0,-0.35,3864,0.999977496061811
"366",0,-0.35,3910,0.99997252815537
"366.5",0,-0.35,3950,0.999973081720053
"367",0,-0.35,3992,0.999968374287794
"367.5",0,-0.35,4030,0.99998891695226
"368",0,-0.35,4064,0.999979656485222
"368.5",0,-0.35,4112,0.999970193176603
"369",0,-0.35,4156,0.999987494557817
"369.5",0,-0.35,4192,0.999978148444898
"370",0,-0.35,4230,0.999989940211323
"370.5",0,-0.35,4268,0.999992094826943
"371",0,-0.35,4310,0.999990310192278
"371.5",0,-0.35,4350,0.999990487575188
"372",0,-0.35,4390,0.999990660131526
"372.5",0,-0.35,4430,0.999990828034825
"373",0,-0.35,4462,0.999995780908612
"373.5",0,-0.35,4490,0.999991071526005
"374",0,-0.35,4530,0.999991228506185
"374.5",0,-0.35,4556,0.999995375098761
"375",0,-0.35,4592,0.999981789486464
"375.5",0,-0.35,4628,0.999998879468121
"376",0,-0.35,4664,0.999990070353385
"376.5",0,-0.35,4684,0.999990154968095
"377",0,-0.35,4718,0.999985444573926
"377.5",0,-0.35,4738,0.99998556719584
"378",0,-0.35,4766,0.999977283833221
"378.5",0,-0.35,4792,0.999978052221777
"379",0,-0.35,4818,0.999975703793051
"379.5",0,-0.35,4844,0.999985680532684
"380",0,-0.35,4872,0.999978767074811
"380.5",0,-0.35,4892,0.999978940330938
"381",0,-0.35,4912,0.999964191456347
"381.5",0,-0.35,4932,0.999964481278674
"382",0,-0.35,4952,0.999979447563558
"382.5",0,-0.35,4972,0.999965050466479
"383",0,-0.35,4984,0.999971981488459
"383.5",0,-0.35,4998,0.999977422281006
"384",0,-0.35,5018,0.999977601893514
"384.5",0,-0.35,5024,0.999972425858839
"385",0,-0.35,5038,0.999958868716349
"385.5",0,-0.35,5052,0.99996614855144
"386",0,-0.35,5052,0.99996614855144
"386.5",0,-0.35,5064,0.999972859741013
"387",0,-0.35,5072,0.99996641498638
"387.5",0,-0.35,5078,0.99995951413864
"388",0,-0.35,5078,0.99995951413864
"388.5",0,-0.35,5078,0.99995951413864
"389",0,-0.35,5078,0.99995951413864
"389.5",0,-0.35,5084,0.999973072851864
"390",0,-0.35,5072,0.99994309294508
"390.5",0,-0.35,5066,0.999951841366396
"391",0,-0.35,5058,0.999959193341479
"391.5",0,-0.35,5052,0.999942641499972
"392",0,-0.35,5038,0.999958868716349
"392.5",0,-0.35,5026,0.999951071789086
"393",0,-0.35,5010,0.999964144426251
"393.5",0,-0.35,4996,0.999976923446739
"394",0,-0.35,4978,0.999957871255525
"394.5",0,-0.35,4962,0.999967346249164
"395",0,-0.35,4938,0.999957185987515
"395.5",0,-0.35,4910,0.999962669077968
"396",0,-0.35,4890,0.999962363095761
"396.5",0,-0.35,4862,0.999965989243464
"397",0,-0.35,4836,0.999975371227436
"397.5",0,-0.35,4808,0.999978198051667
"398",0,-0.35,4770,0.999960445645725
"398.5",0,-0.35,4736,0.99997432019859
"399",0,-0.35,4702,0.999963635278122
"399.5",0,-0.35,4668,0.999976870718329
"400",0,-0.35,4630,0.999958017492711
"400.5",0,-0.35,4588,0.99997605709812
"401",0,-0.35,4548,0.999946628094507
"401.5",0,-0.35,4508,0.999975199779554
"402",0,-0.35,4462,0.999959618241706
"402.5",0,-0.35,4422,0.999958884396629
"403",0,-0.35,4368,0.999973584573391
"403.5",0,-0.35,4322,0.999956959821672
"404",0,-0.35,4280,0.999973797295881
"404.5",0,-0.35,4220,0.99997304691185
"405",0,-0.35,4168,0.999970988731655
"405.5",0,-0.35,4122,0.99995268200068
"406",0,-0.35,4068,0.999969544914001
"406.5",0,-0.35,4008,0.999968626279226
"407",0,-0.35,3948,0.999967665445139
"407.5",0,-0.35,3888,0.99996665978694
"408",0,-0.35,3834,0.999948571638483
"408.5",0,-0.35,3774,0.999946923456041
"409",0,-0.35,3714,0.999945194754355
"409.5",0,-0.35,3656,0.999956907902612
"410",0,-0.35,3596,0.999955457947972
"410.5",0,-0.35,3528,0.999959508705628
"411",0,-0.35,3468,0.999958095542164
"411.5",0,-0.35,3408,0.999956607087509
"412",0,-0.35,3336,0.99994824463038
"412.5",0,-0.35,3282,0.999969921294053
"413",0,-0.35,3214,0.999973281652046
"413.5",0,-0.35,3150,0.99995767315208
"414",0,-0.35,3082,0.999965890930988
"414.5",0,-0.35,3016,0.99993667991698
"415",0,-0.35,2942,0.999962567499809
"415.5",0,-0.35,2874,0.999966586199132
"416",0,-0.35,2810,0.999946811070389
"416.5",0,-0.35,2742,0.999956907902612
"417",0,-0.35,2676,0.999919568350146
"417.5",0,-0.35,2608,0.999978829008962
"418",0,-0.35,2544,0.999948085337816
"418.5",0,-0.35,2468,0.999976359027568
"419",0,-0.35,2408,0.999975166248172
"419.5",0,-0.35,2344,0.999938848606622
"420",0,-0.35,2276,0.999958303734132
"420.5",0,-0.35,2210,0.999963146623207
"421",0,-0.35,2150,0.999961061043305
"421.5",0,-0.35,2084,0.999922639111455
"422",0,-0.35,2018,0.99992044277036
"422.5",0,-0.35,1950,0.999952664215725
"423",0,-0.35,1890,0.999949611166166
"423.5",0,-0.35,1830,0.999946252933694
"424",0,-0.35,1764,0.999892028072701
"424.5",0,-0.35,1710,0.999938445123828
"425",0,-0.35,1650,0.999933887211583
"425.5",0,-0.35,1590,0.999928803664238
"426",0,-0.35,1524,0.999907005579665
"426.5",0,-0.35,1476,0.999955935813168
"427",0,-0.35,1422,0.999958459849466
"427.5",0,-0.35,1370,0.999904103312698
"428",0,-0.35,1316,0.999944570187999
"428.5",0,-0.35,1264,0.99986481750363
"429",0,-0.35,1212,0.999738633269807
"429.5",0,-0.35,1170,0.999868519086646
"430",0,-0.35,1124,0.999829049005952
"430.5",0,-0.35,1076,0.999917086989567
"431",0,-0.35,1030,0.999830351925506
"431.5",0,-0.35,984,0.999776951672863
"432",0,-0.35,936,0.999890430971512
"432.5",0,-0.35,895.999999999999,0.999880430450379
"433",0,-0.35,864,0.999710703953713
"433.5",0,-0.35,824,0.999681941335846
"434",0,-0.35,784,0.999648666232921
"434.5",0,-0.35,750,0.999680068252106
"435",0,-0.35,716,0.999812763301607
"435.5",0,-0.35,678,0.999295499021526
"436",0,-0.35,650,0.99957408546685
"436.5",0,-0.35,616,0.999430979978925
"437",0,-0.35,588,0.999930587690884
"437.5",0,-0.35,556,0.999689521345408
"438",0,-0.35,530,0.999359476193865
"438.5",0,-0.35,504,0.999150141643059
"439",0,-0.35,476,0.999576420755383
"439.5",0,-0.35,452,0.998122800156433
"440",0,-0.35,430,0.999027132201924
"440.5",0,-0.35,404,0.998677766895201
"441",0,-0.35,382,0.999424578709412
"441.5",0,-0.35,362,0.999359267734554
"442",0,-0.35,342,0.999282173987353
"442.5",0,-0.35,324,0.997945205479452
"443",0,-0.35,308,0.999747048903879
"443.5",0,-0.35,296,0.998905109489051
"444",0,-0.35,276,0.997169811320755
"444.5",0,-0.35,256,0.998536585365854
"445",0,-0.35,250,0.997125519003513
"445.5",0,-0.35,230,0.996605054696341
"446",0,-0.35,216,0.997945205479452
"446.5",0,-0.35,208,0.999445471349353
"447",0,-0.35,194,0.999044078597982
"447.5",0,-0.35,188,0.999321266968326
"448",0,-0.35,168,0.999150141643059
"448.5",0,-0.35,162,0.99680608365019
"449",0,-0.35,154,0.998483572030329
"449.5",0,-0.35,142,0.995845697329377
"450",0,-0.35,136,0.994827586206896
"450.5",0,-0.35,130,0.989424206815511
"451",0,-0.35,120,1
"451.5",0,-0.35,114,0.997235023041475
"452",0,-0.35,102,0.991969407265775
"452.5",0,-0.35,99.9999999999999,1
"453",0,-0.35,94,0.995936794582393
"453.5",0,-0.35,88,0.996907216494845
"454",0,-0.35,82,0.987610619469027
"454.5",0,-0.35,82,0.987610619469027
"455",0,-0.35,74,0.993454545454546
"455.5",0,-0.35,68,0.994827586206896
"456",0,-0.35,62,0.978461538461538
"456.5",0,-0.35,56,0.97
"457",0,-0.35,48,0.989655172413793
"457.5",0,-0.35,54,0.987755102040816
"458",0,-0.35,48,0.989655172413793
"458.5",0,-0.35,40,1
"459",0,-0.35,42,0.953846153846154
"459.5",0,-0.35,36,0.929411764705882
"460",0,-0.35,34,0.969491525423729
"460.5",0,-0.35,28,0.97
"461",0,-0.35,30,0.823529411764706
"461.5",0,-0.35,28,0.836363636363636
"462",0,-0.35,28,0.97
"462.5",0,-0.35,28,0.97
"463",0,-0.35,22,0.844444444444444
"463.5",0,-0.35,20,1
"464",0,-0.35,22,0.844444444444444
"464.5",0,-0.35,22,0.844444444444444
"465",0,-0.35,16,0.7
"465.5",0,-0.35,16,0.7
"466",0,-0.35,14,0.836363636363636
"466.5",0,-0.35,14,0.836363636363636
"467",0,-0.35,8,0.7
"467.5",0,-0.35,8,0.7
"468",0,-0.35,8,0.7
"468.5",0,-0.35,8,0.7
"469",0,-0.35,9.99999999999999,0.181818181818182
"469.5",0,-0.35,9.99999999999999,0.181818181818182
"470",0,-0.35,4,-0.35
"470.5",0,-0.35,2,-0.4
"471",0,-0.35,2,-0.4
"471.5",0,-0.35,2,-0.4
"472",0,-0.35,2,-0.4
"472.5",0,-0.35,2,-0.4
"473",0,-0.35,2,-0.4
"473.5",0,-0.35,2,-0.4
"474",0,-0.35,2,-0.4
"474.5",0,-0.35,2,-0.4
"475",0,-0.35,2,-0.4
"475.5",0,-0.35,2,-0.4
"476",0,-0.35,2,-0.4
"476.5",0,-0.35,2,-0.4
"477",0,-0.35,0,-0.2
"477.5",0,-0.35,0,-0.2
"478",0,-0.35,0,-0.2
"478.5",0,-0.35,0,-0.2
"479",0,-0.35,0,-0.2
"479.5",0,-0.35,0,-0.2
"480",0,-0.35,0,-0.2
"480.5",0,-0.35,0,-0.2
"481",0,-0.35,0,0.4
"481.5",0,-0.35,0,-0.2
"482",0,-0.35,0,-0.2
"482.5",0,-0.35,0,-0.2
"483",0,-0.35,0,-0.2
"483.5",0,-0.35,0,-0.2
"484",0,-0.35,0,0.4
"484.5",0,-0.35,0,0.4
"485",0,-0.35,0,0.4
"485.5",0,-0.35,0,0.4
"486",0,-0.35,0,-0.2
"486.5",0,-0.35,0,-0.2
"487",0,-0.35,0,-0.2
"487.5",0,-0.35,0,-0.2
"488",0,-0.35,0,-0.2
"488.5",0,-0.35,0,-0.2
"489",0,-0.35,0,-0.2
"489.5",0,-0.35,0,0.4
"490",0,-0.35,0,-0.2
"490.5",0,-0.35,0,0.4
"491",0,-0.35,0,0.4
"491.5",0,-0.35,0,-0.2
"492",0,-0.35,0,-0.2
"492.5",0,-0.35,0,-0.2
"493",0,-0.35,0,-0.2
"493.5",0,-0.35,0,0.4
"494",0,-0.35,0,0.4
"494.5",0,-0.35,0,-0.2
"495",0,-0.35,0,0.4
"495.5",0,-0.35,0,0.4
"496",0,-0.35,0,-0.2
"496.5",0,-0.35,0,0.4
"497",0,-0.35,0,0.4
"497.5",0,-0.35,0,-0.2
"498",0,-0.35,0,0.4
"498.5",0,-0.35,0,0.4
"499",0,-0.35,0,0.4
"499.5",0,-0.35,0,0.4
"500",0,-0.35,0,0.4
