"wavelength";"S1";"S2";"S3";"S4";"S5";"S6";"S7";"S8";"S9";"S10"
"190";0,657116061876983;1,22219026286546;1,78136657617316;2,32390621440483;2,85142442376946;3,34957915471282;3,8255903138295;4,22268295056128;4,58621930381252;4,88401907328008
"190.5";0,785201705338503;1,34282197387526;1,89559870079469;2,43329318311903;2,95807679484637;3,45652471253973;3,93725037398171;4,34410656901897;4,72500682377658;5,04778067394154
"191";0,706391812998186;1,27691156483573;1,84265970189719;2,39322819310937;2,93094742677102;3,44221917800745;3,93613661140418;4,35523082837944;4,74911711270226;5,08480267988026
"191.5";0,844190598267665;1,40943891668034;1,96811329555642;2,50922416979806;3,03398860665592;3,52755747916107;3,99612503138598;4,38298248586666;4,73133144507008;5,00926798319507
"192";0,939256241099152;1,49083585368421;2,03762283029982;2,5694888089575;3,08858071650532;3,58161799351022;4,05711838463282;4,45954311206287;4,83628161396845;5,15551259025929
"192.5";0,908795372269297;1,45771810241892;2,00072849182682;2,52732751959293;3,03897603621555;3,52160547507443;3,98195034007177;4,36488118737638;4,71387333635193;4,99774401183403
"193";0,759742465095849;1,37270354641182;1,97813083645266;2,56395850880461;3,13126691938955;3,66365162706991;4,16721238700145;4,58050386890201;4,94906826589717;5,23848057846363
"193.5";0,678388617256287;1,29052463034556;1,89664527173537;2,48525454956532;3,05832321482774;3,60059336575534;4,1204559553489;4,55636119531663;4,95865464099871;5,29231719201544
"194";0,865552218340275;1,4389210992686;2,00768172826816;2,56144280368445;3,10265703865423;3,61779785597436;4,11628920943536;4,54035197640438;4,94045296687056;5,28335514855793
"194.5";0,76125006922164;1,35417956411402;1,94125389952382;2,51132731381801;3,06629185490362;3,59134708849176;4,09457720034169;4,51636714229576;4,90539080634481;5,2277399725395
"195";0,709224874823452;1,31510617473135;1,9144830092362;2,49577477590581;3,06060654257104;3,59346585617619;4,10181859316274;4,524812191621;4,91050206496229;5,22446070793865
"195.5";0,753807152760373;1,3486341995942;1,93918148168179;2,51485267274812;3,07848849089736;3,61642960078081;4,13921635514169;4,58684510028787;5,01328706911842;5,38384863206602
"196";0,874262724147452;1,44752053809889;2,01532542875277;2,56697775441343;3,10442976884654;3,61352712661009;4,10240287271663;4,51339400482716;4,89423035262061;5,21204036151963
"196.5";0,835262943968835;1,42489125223502;2,00818860130795;2,5738846835863;3,1235603952621;3,64211868111916;4,13682365093664;4,54845525687885;4,92377665203223;5,22928427731341
"197";0,72299639758825;1,32677346570756;1,92418279109911;2,50372588171885;3,06708964843169;3,59890060170514;4,10677268689106;4,53005052066364;4,91699073229742;5,23323692117382
"197.5";0,698291123794543;1,3131119800139;1,92193406086497;2,51322672798711;3,08899479025931;3,63394546694632;4,15657203788062;4,5950494224622;5,00008261623364;5,33648067429156
"198";0,67974098115641;1,27834183837488;1,8730454006122;2,45333846078963;3,02232197032666;3,56655531711843;4,0972702051555;4,55403146366849;4,99247389755184;5,37750983572581
"198.5";0,731604756865708;1,3283350859064;1,92095772091011;2,49891061275366;3,06515341225858;3,60612157011523;4,13267236827381;4,5845871059623;5,01660885771954;5,39385410539209
"199";0,759101177310942;1,36348498296359;1,96273346962694;2,54579128364008;3,1150795502054;3,65613290325139;4,17846155524637;4,6211954417944;5,03663527016086;5,38986409188066
"199.5";0,777616136883943;1,38631983174598;1,98833266857904;2,57196280696031;3,13875058680609;3,67299492206344;4,18195850053885;4,60452465890627;4,98846922157982;5,2992705879758
"200";0,786129261848872;1,38553833439061;1,97946188269993;2,55679149815415;3,11969630627213;3,65353740737766;4,16714839754807;4,60020894195959;5,00332340536416;5,34202889423659
"200.5";0,796009072682581;1,38666191913818;1,97191935831373;2,54083891875052;3,0955639426656;3,62167682007904;4,12789732570914;4,55478505113372;4,9522373287077;5,28629046290514
"201";0,76410381628551;1,37232230298008;1,97442186447592;2,55892794283794;3,12771468190041;3,66551592481582;4,18045236501965;4,61138574573721;5,00788126612017;5,33520425659232
"201.5";0,806674790550735;1,40751424968281;2,00164864870111;2,57750026099612;3,13653001383069;3,66316463988232;4,16441955890888;4,57998020252364;4,95668053540078;5,26048769944512
"202";0,748975606446016;1,35738680532303;1,96011723285065;2,54585022550452;3,11672074886627;3,6577859087545;4,17783990368901;4,61567049334761;5,02227801567631;5,36272992549389
"202.5";0,740863536903652;1,36070785752073;1,97361353278669;2,56762873508187;3,14424788810999;3,68738910476649;4,20425692774901;4,63263167588818;5,02075934978712;5,33353974404938
"203";0,807834083457155;1,41204438854371;2,00988746080139;2,58985842169827;3,15364839578184;3,68587664890147;4,19417033287377;4,61782991116232;5,0051630207906;5,3217864522666
"203.5";0,788855922205436;1,3960176426471;1,99648995297929;2,57860494107678;3,14388987881405;3,676671897598;4,18417165500626;4,60542923267616;4,98804943192853;5,29760468479661
"204";0,899852849974782;1,488322383441;2,07024181062899;2,63427797139062;3,18187171579924;3,6977830030526;4,18890860375576;4,59617359146005;4,96550227122617;5,26355526354585
"204.5";0,841717461530797;1,43097575220159;2,01522044671288;2,58367037228512;3,13868204407134;3,66614704503396;4,17532722205079;4,60687670894927;5,0117654003866;5,35595307679432
"205";0,866383600686873;1,44134122273711;2,01274173967809;2,57055555273077;3,11787126744728;3,6419180009656;4,15376778569423;4,59534937581893;5,02070087524244;5,39604140073968
"205.5";0,872522178921484;1,465825828625;2,05287587561363;2,62237463784342;3,17598194133935;3,69859371778956;4,19769745050203;4,61368945780533;4,99400116088394;5,30487055899903
"206";0,836845792775585;1,43957084253278;2,03550347465337;2,61300528846717;3,17350258359473;3,70132378008545;4,20340521459811;4,61925126514401;4,99562898630863;5,2984268745195
"206.5";0,89254229627656;1,47643475473188;2,054702738301;2,61642227680584;3,16354021712427;3,68158715337268;4,17873969264752;4,59627384752772;4,98257785593003;5,30420024508733
"207";0,851741375992504;1,44338387195017;2,02918119195686;2,59801076673655;3,15175892574158;3,67565532820378;4,17776245738283;4,59859500237354;4,98671241404623;5,30828123016338
"207.5";0,920050019214089;1,50405429245632;2,08189883832969;2,642461532812;3,18737373626635;3,70176503123338;4,19299922701546;4,60240737763025;4,97666410710871;5,28253835578003
"208";0,927772911607528;1,50789255190229;2,08205483059201;2,63927084203897;3,18125652735253;3,69336070530446;4,18314425078942;4,59230843961495;4,96773797134971;5,27635430011285
"208.5";0,945082924286052;1,51924585654662;2,08781345934633;2,64002008907564;3,17774196767657;3,68670265282074;4,17484405469294;4,58442872979495;4,96283033355657;5,27718222246901
"209";1,07282048033231;1,61994462388109;2,16218210708183;2,6894376617785;3,20376238457364;3,69188403267341;4,16204918554691;4,55918416010218;4,92986747930542;5,24259124694745
"209.5";1,19649246650084;1,71476600615889;2,22863584705951;2,72862174481793;3,21679984834732;3,68076573103084;4,12867456585997;4,50832882466574;4,86457748285306;5,16747844079486
"210";1,35338263851305;1,83057192116836;2,30385662933577;2,76456309972497;3,214691619347;3,64293293378263;4,05702447935893;4,40888787940013;4,74030078484975;5,02363093957955
"210.5";1,44059884946595;1,88275290088435;2,32148841933757;2,74884173703121;3,1667841665864;3,56498541236188;3,95091876921138;4,2800110342968;4,59161556622464;4,86004421423074
"211";1,5474916128517;1,94288510915189;2,33543771518808;2,71810729163655;3,09278445977036;3,45039253362783;3,797943927689;4,09555251621727;4,37910682017789;4,62554360716016
"211.5";1,6328455625772;1,98447697205264;2,33380536297891;2,67465003040265;3,00882446406111;3,32842316585316;3,64002306092249;3,90812488586577;4,16536569680482;4,39114001905131
"212";1,60358299337327;1,91591552807487;2,22638721628824;2,52957594044974;2,82720177460224;3,11238051173129;3,39123573599685;3,63221270689399;3,86489689471038;4,07090726304512
"212.5";1,67945882286608;1,95479301668232;2,22869193010338;2,49645103124043;2,75970793336585;3,01254685212178;3,26067871436422;3,47626124095518;3,68603688059072;3,87371487800765
"213";1,57363991360025;1,83383518076079;2,09274622886777;2,34595367872036;2,59504776037262;2,83449174711058;3,06979254271912;3,27462979048861;3,47450822410499;3,65400218281141
"213.5";1,55032522803803;1,79038668538189;2,02937637619886;2,26325839570497;2,49356678715645;2,71527755761596;2,93364388225296;3,12436803108092;3,31134590960341;3,48029747322777
"214";1,47858428007193;1,7071077337606;1,93466038925112;2,15741847055303;2,37687153430771;2,58827392517183;2,79670173388601;2,9790189080117;3,15813236301836;3,3204273920129
"214.5";1,41933364006254;1,63738781064741;1,85455901591628;2,06721457145291;2,27680143092478;2,47882367482641;2,67819094462069;2,85282173318757;3,02471337047848;3,18085646602847
"215";1,34955112838112;1,56269191884798;1,77496929030499;1,98283228479216;2,18769504539096;2,38516269794383;2,58003372305289;2,75072421606254;2,91873471760815;3,07134912412106
"215.5";1,29476002768334;1,50082046917578;1,7060607544108;1,90705323678145;2,10517370441116;2,29618414727462;2,48474587337345;2,64999016696206;2,81275036704891;2,96072659660096
"216";1,23898990801716;1,44093116806038;1,64205913943626;1,83901119781768;2,03312999548584;2,22025513796269;2,40494022809417;2,56673490141153;2,72602530610499;2,8707614871691
"216.5";1,18705921307114;1,38590013643577;1,58392211629051;1,77780749514814;1,96886758518155;2,15299234051002;2,33463779764646;2,49366981088946;2,65010303642257;2,79208022110895
"217";1,14324607045824;1,33910188201583;1,53413167901341;1,72506050266079;1,91316852810862;2,09439297435477;2,27309345821551;2,4294405022188;2,58308583159653;2,72235842384519
"217.5";1,10026911832199;1,29395734400834;1,48679951865734;1,67554621881408;1,86144619846551;2,04045988738872;2,21685417054492;2,37102264909809;2,52230544901069;2,65917310344043
"218";1,06504377706877;1,2569132830953;1,44791824849136;1,63483005944475;1,81887011375614;1,99601706534563;2,17045743418588;2,32277220448093;2,47203464203467;2,60683476519462
"218.5";1,03684381079883;1,22711550986725;1,41650146351492;1,60178951901843;1,78417410735517;1,95964619438674;2,13231413346427;2,28292414678166;2,43029905350445;2,56313595031538
"219";1,01480251084364;1,2026517271415;1,38960412916622;1,57248025860613;1,75244612610805;1,92552707995602;2,09574510028916;2,24409431563556;2,38908582620663;2,51957012230193
"219.5";0,997056872351385;1,18297367056;1,36798239708302;1,54892878290806;1,72695473219384;1,89811121017041;2,0663475957387;2,21285607394399;2,35589125601277;2,48442702542885
"220";0,98415615027683;1,16798851737036;1,35090342372983;1,52977478194105;1,70572012174872;1,87482009359491;2,04094996241626;2,18551520808459;2,32650265847609;2,45301812758517
"220.5";0,97546693491949;1,15722614978946;1,33805837625013;1,51486548646628;1,68874065564787;1,85579391759635;2,01982653552364;2,16245615349322;2,30140265403774;2,42590314821999
"221";0,972118890700592;1,15135731750591;1,32966764740318;1,50398959439994;1,67539291525142;1,84003118199179;2,00163164915131;2,14206863552123;2,27877122895078;2,40113173884944
"221.5";0,972038273421954;1,14921619284656;1,32546216700674;1,49774576214269;1,66711585285556;1,8297594060656;1,98933869560755;2,12793821285658;2,26273985862878;2,38326405172905
"222";0,974755195822116;1,14948233300429;1,3232843080961;1,49317036349305;1,66017125386898;1,82052213574166;1,97782531370761;2,11441385017722;2,24721228084548;2,36588857493604
"222.5";0,98008344346263;1,15217275078285;1,32334306078733;1,49064590318341;1,65509185799563;1,81296710225472;1,96780766235504;2,10221428406255;2,23283083115433;2,34948456696338
"223";0,987916408098656;1,15727659759575;1,32572799392232;1,490367281835;1,65218643085915;1,80752725661084;1,95986304644741;2,09207101848746;2,22051699142372;2,33519141083685
"223.5";0,997167317627906;1,16381808739793;1,32957294340413;1,49157440848596;1,65079760143477;1,80364162424734;1,95352166886383;2,08358908912787;2,20994253159777;2,32273327906293
"224";1,00756799945859;1,17146222477984;1,33447691231234;1,49380242138498;1,6503986620438;1,80072545881492;1,94814388686772;2,07608379769276;2,20038257381731;2,3113537430905
"224.5";1,0199892547848;1,18095317018399;1,34105897685597;1,49754936188424;1,65137044535149;1,79904959969936;1,94389650173377;2,06963655741917;2,19184238411587;2,30099827495684
"225";1,03170448494401;1,19002624473911;1,34750778321709;1,50143844304525;1,65275106222052;1,79803284933717;1,9405449503456;2,0642794401027;2,18456558028437;2,2920422460412
"225.5";1,04525262073826;1,20077265592727;1,35547815317664;1,50671039333288;1,65539210115755;1,79817894181697;1,93829083768485;2,06000180421176;2,17840471043967;2,28429949770289
"226";1,05928064565934;1,21187911498782;1,36368728533368;1,51209966395617;1,65802692611198;1,7981942258369;1,93577462175422;2,05533644523098;2,17171785922188;2,27588784050455
"226.5";1,0731411531886;1,22265807300337;1,37141673385633;1,51687016017706;1,65992014583696;1,79736996525787;1,93235311646514;2,04974756000957;2,164143685001;2,26668601111369
"227";1,0874930234175;1,23401794749473;1,37981555194208;1,52239561553901;1,66265120861191;1,79746132927548;1,929920806133;2,04520825173997;2,15767293508789;2,25862988924616
"227.5";1,1016471470291;1,24518228413595;1,38802101379729;1,52772982566402;1,66519307041051;1,79736541073194;1,92730302778959;2,04048496472927;2,15101953453256;2,25039215961562
"228";1,11638806070006;1,25672653081769;1,39640496576535;1,5330517091736;1,66754375248163;1,79691913458316;1,92419777807221;2,035179533028;2,14372579491949;2,2415027555061
"228.5";1,13045464386;1,26771962830127;1,40435943584941;1,53806183935325;1,66969668812628;1,79638210060678;1,92110296663478;2,02996759510381;2,1365996161779;2,23283907287494
"229";1,14280257841824;1,27707803487609;1,41076797554343;1,54162009138397;1,67050068765647;1,79461006535211;1,91690781224121;2,02380155577799;2,12870221758145;2,22361649919519
"229.5";1,15542818732021;1,28659210360835;1,4172087474707;1,54508705895302;1,67108785916352;1,79249472204356;1,91223627151639;2,01703204654142;2,12006178544193;2,21350693947022
"230";1,16854223822981;1,29609529337966;1,42314837389725;1,54758256856959;1,67025405933832;1,7885452311974;1,90535322293227;2,00775917663881;2,1086839578683;2,20051057158924
"230.5";1,18124642786069;1,30517895584058;1,42865892578515;1,54963976549357;1,66897300070432;1,78414008615226;1,8980065792955;1,99801619432271;2,09683020583982;2,18703371539327
"231";1,19493169667603;1,31522515129056;1,43511369241456;1,55262345193177;1,66860126668948;1,78062815750813;1,89153791595987;1,98913868746069;2,08583077771358;2,17440242643081
"231.5";1,20393889644217;1,32110487474071;1,43790729614879;1,55243492610761;1,6655308142731;1,77486185587666;1,88323516765646;1,97877204200522;2,07364982670312;2,16083116741477
"232";1,2146123646038;1,32812770252872;1,44132727027593;1,55237276506187;1,66210252726418;1,76828332776323;1,87369040230453;1,96681063402486;2,059559542388;2,14510356084799
"232.5";1,22427847573842;1,33413596192717;1,4437255532845;1,55128202075404;1,65763898272501;1,76066327872165;1,86309819173445;1,95379691853605;2,04441261447914;2,12831590581015
"233";1,23208474393879;1,3386199090635;1,44493384812478;1,54932887182373;1,65263619298744;1,75281591507388;1,85258715488075;1,94113542604355;2,02988585869402;2,11239318910457
"233.5";1,24015914938087;1,34324063298186;1,44614625644735;1,54724738521915;1,64737086998989;1,74457141873274;1,84153822724791;1,92780265608133;2,01454264082884;2,09550564398771
"234";1,24861726716904;1,34783702382362;1,44693130148148;1,54434855249122;1,64091054622299;1,73477751552749;1,828604674628;1,91231013485969;1,99679432005027;2,07602033548871
"234.5";1,25413132344336;1,34993837284544;1,44566772293872;1,53983714503529;1,63326584363578;1,72420973449529;1,81529896618493;1,89679302752557;1,9793576015503;2,05714497982505
"235";1,26141319842855;1,3535778478308;1,44571248335608;1,53640764588418;1,62647784516124;1,7142786520574;1,80240841615346;1,88149139097088;1,96193204347502;2,03808599022646
"235.5";1,26433903020831;1,35349037796929;1,44264874778644;1,53046399584623;1,61774532089159;1,70292893762296;1,7885832093744;1,86563445340399;1,94426325237299;2,01899445529629
"236";1,26627879226336;1,35243470984842;1,43864030050218;1,5236065254881;1,60814075413859;1,69076371663295;1,7740228630994;1,84914405899013;1,92610414930341;1,99959373429754
"236.5";1,27365025622657;1,35585740023065;1,43816275094915;1,51935499924047;1,60023455464619;1,67942782685081;1,75944297058074;1,83190168995449;1,90648744134551;1,97811259525806
"237";1,27299362118684;1,35240279821163;1,43194748861259;1,51047253058229;1,58877512723758;1,66555874414255;1,74330814023347;1,81392513545456;1,8868947103615;1,9572851355709
"237.5";1,27125421620086;1,34837030697311;1,42565009502053;1,5019835567696;1,57816385372771;1,65295582044239;1,72882139667736;1,79789226924186;1,86948304543281;1,93879077972543
"238";1,27172103916559;1,34576598781863;1,42001238058657;1,49341064776292;1,56674853790691;1,63887307735873;1,71221564404785;1,77921578664888;1,84895993068393;1,91681761150772
"238.5";1,26999648813949;1,34156687027391;1,41336911096261;1,48440235107954;1,55544997771194;1,62542524306985;1,69673489994693;1,76206655608984;1,83032278001952;1,89701208320833
"239";1,26669046793555;1,33600048760198;1,4055701475197;1,47444308264558;1,54339869613366;1,61141073340344;1,68086345371994;1,74467105134999;1,81156815288933;1,87719021584197
"239.5";1,26428603358088;1,33123711666595;1,39847391588838;1,46508542988863;1,53184517910184;1,59778786529003;1,66526982565145;1,72744208440436;1,7928545928863;1,85727652949159
"240";1,25760651324339;1,323105261054;1,38890465801905;1,45412122047803;1,51952418404975;1,58418494381749;1,65044093676765;1,71158913623191;1,77606217756076;1,83971204367393
"240.5";1,25326673530025;1,31666596291213;1,38038872712573;1,4435918014849;1,507038996116;1,56985571978418;1,63435406893743;1,69404184206703;1,7571862735574;1,81975849792644
"241";1,24609325070709;1,3081440793484;1,37053210014663;1,43243955841149;1,4946261626428;1,5562512333197;1,61960900097895;1,6783427942921;1,74061025398563;1,80245948185254
"241.5";1,2385346226568;1,2992516147203;1,36031927551224;1,42094503545493;1,48188452708813;1,54233059287728;1,60455974236252;1,66234937461128;1,72374861865847;1,78488172572194
"242";1,23242474097477;1,29146148892731;1,35086372244356;1,4098698051337;1,46922895798038;1,52817464123877;1,58895774865131;1,64552483678829;1,70578137596666;1,76594846045953
"242.5";1,22142094198131;1,27966769714981;1,33828673017007;1,396530884477;1,45514626362855;1,51338529518438;1,57348656383911;1,62947617978355;1,68919150851354;1,74889925047833
"243";1,21190213414707;1,26924405629244;1,3269635426906;1,38432910639232;1,4420818060757;1,49949393506207;1,55878617859107;1,61407607447781;1,67311494151253;1,73222277471432
"243.5";1,19972856319748;1,25650616223358;1,31366534414628;1,37048465961859;1,42770244765113;1,48460392935919;1,54339972663958;1,59826430902237;1,65689765743332;1,71565269905162
"244";1,18785136419359;1,24415488696215;1,30083706728958;1,35718257546712;1,41392373978584;1,47035194397782;1,52865974947311;1,58307023490768;1,64121992974807;1,69949210242532
"244.5";1,17359421804139;1,22964357748797;1,28607180100065;1,34216749116562;1,39866080325916;1,45484774812049;1,51291391032765;1,56710820874606;1,62503887943736;1,68310470385946
"245";1,16005820812016;1,21577399342798;1,27186690796565;1,32762997899526;1,38378932376826;1,4396455305042;1,49737196909053;1,55125172105851;1,60884941953938;1,66658505763116
"245.5";1,14240112567257;1,19844882198233;1,2548637333309;1,31093021192056;1,3673715099085;1,42347498277232;1,48140840814629;1,5354223197046;1,59308719230869;1,65080685585062
"246";1,12699176128744;1,18302817012062;1,23942901535775;1,29547780060884;1,35189603308974;1,40796919539257;1,4658605052282;1,5198219897889;1,57741387588344;1,63504186608512
"246.5";1,10707329553846;1,16377563617687;1,22083131100743;1,27750964433156;1,33453159203603;1,39116263966885;1,44956818422486;1,50393385962065;1,56185996110412;1,61971603007302
"247";1,0881644975392;1,14534409768996;1,20286533139018;1,25998598677012;1,3174244108019;1,37442896638541;1,4331609046679;1,4877587414735;1,54583941298128;1,60374813434839
"247.5";1,06687743416365;1,12475374674602;1,18296021234706;1,2407398338875;1,29881046126183;1,35639963655583;1,41567109650769;1,47069387810986;1,52912727294007;1,58727860628426
"248";1,04274301747981;1,10185563863153;1,16127738282768;1,22022477532407;1,27941439493938;1,33803634697395;1,39825777583772;1,45402451073844;1,51306888052021;1,57163125466374
"248.5";1,01866906821409;1,07868729638318;1,13900059958119;1,19880660587098;1,25882176517439;1,31820977141237;1,37914233335697;1,43547486107139;1,49499755938814;1,55390117601969
"249";0,99333587969204;1,05459372877579;1,11612849956993;1,17711234805105;1,23826218395021;1,29870635072376;1,36062444537597;1,41774797612179;1,47794984057043;1,53735240584314
"249.5";0,96497113922103;1,027829762233;1,09094271477192;1,15344957161519;1,21606833884231;1,27788234404618;1,3410826664026;1,39924070905611;1,46033889558107;1,52041092950256
"250";0,937340186918114;1,00173679147894;1,06636882251998;1,13034558043582;1,1943877820286;1,25753759448386;1,32200140188193;1,38119643479875;1,4432193867911;1,50401758556272
"250.5";0,907387414838325;0,973396524752041;1,03961832477377;1,10512930317176;1,17065129377351;1,23518113393746;1,30093680665834;1,36117426144323;1,42410058944325;1,48557379590777
"251";0,879047584971371;0,946683994703533;1,01451309370262;1,08157933766951;1,1486074285795;1,21455065299326;1,28164318764231;1,34297785589409;1,40688265511076;1,46912419844513
"251.5";0,848366295972353;0,917883427445859;0,987570132583217;1,05643384603657;1,12520258459014;1,19277930177357;1,2614168899309;1,32401964240339;1,38905529167596;1,45218482617236
"252";0,81737303463357;0,888663240990212;0,960104145842407;1,03066935254756;1,10109172801606;1,17022894862577;1,24035599870619;1,30419907044167;1,37036704282898;1,43442008644594
"252.5";0,785543123378703;0,858764411974127;0,932112664490474;1,00452347191569;1,07673310473045;1,14754755850301;1,21926103432745;1,28440614605217;1,35173524951466;1,41670006222714
"253";0,751433049994545;0,826704994486022;0,902081616033235;0,976459210288653;1,0505793871011;1,1231954360934;1,19662641263498;1,26319900374041;1,33182733565897;1,39784671860621
"253.5";0,720634220242468;0,797673781454836;0,874799211639903;0,950873082596542;1,02664184467962;1,10081365643489;1,17572961090145;1,24353884108196;1,31329621420337;1,38023652917554
"254";0,688945128193676;0,767861979593687;0,846847461274213;0,92472933309472;1,00226080426471;1,07810414207198;1,15462801621645;1,22379264962011;1,29481120848781;1,36281058220537
"254.5";0,657523765859332;0,738188256029111;0,818905731308816;0,898471691740576;0,977645876875351;1,05504813255394;1,13307341493782;1,20350603357309;1,27570782071461;1,34470503768159
"255";0,628322424222268;0,710558137335019;0,792833358681407;0,873914801141839;0,954568423672387;1,0333763720156;1,11275813322902;1,18433978801304;1,25761872721129;1,32753049190772
"255.5";0,598839089394358;0,68256776417268;0,766326349570379;0,84885538261997;0,930928628792542;1,01109480317667;1,09180159252339;1,16452433184484;1,23889956527211;1,30977527018974
"256";0,570130031870924;0,655324346412012;0,740536392399525;0,824479998055338;0,907934962163226;0,989415125395471;1,07139165471003;1,14519224029504;1,22058114018052;1,29232154125761
"256.5";0,544667140108902;0,630982374367764;0,717310315157559;0,802345938308356;0,886876193387723;0,9693914472292;1,05238736418593;1,12707818352425;1,20333967433992;1,27586835437193
"257";0,520833848447277;0,608102976334136;0,695381838723212;0,7813498468762;0,866800806757704;0,950206081417383;1,03408417047806;1,10955260555488;1,18658625699306;1,25982435386612
"257.5";0,495832057088724;0,584088063720972;0,672353344779892;0,759292168444056;0,845706980258963;0,930051431690278;1,01487163347339;1,09118474100785;1,16907658604616;1,24312601773399
"258";0,473188663669239;0,562192622053034;0,651205414028299;0,738879797066084;0,826024710132331;0,911080312451877;0,996613500641901;1,07356536677386;1,1521055426423;1,2267671547947
"258.5";0,451956328228015;0,541525145774015;0,631107523800579;0,719349383935998;0,807067560909322;0,89269579670882;0,978824399423844;1,05633638960704;1,13548100496667;1,2107546935037
"259";0,434916311519811;0,524844310417944;0,614790207266509;0,703396065733408;0,791484528752684;0,877486250584124;0,964008456430827;1,04189707520146;1,12145625952291;1,19715856884552
"259.5";0,418451838501279;0,508521115033975;0,598618222568409;0,687386726916164;0,775656420203648;0,861862875603229;0,948632514606411;1,02679565587455;1,1067045864043;1,18281897620264
"260";0,402414643488879;0,492651935575068;0,582926663083485;0,67188336764709;0,760359037710763;0,846793449782835;0,933832487720077;1,01228817963543;1,09256293348716;1,1691020281892
"260.5";0,38760676528769;0,477844769157353;0,568131869169426;0,657116876067674;0,745643679739274;0,832160737514826;0,919331730727581;0,997967168048301;1,07850714794932;1,15539195433311
"261";0,374318489941192;0,464478400261457;0,554700036026085;0,643638028332448;0,73214302961408;0,818674287060599;0,9059124952668;0,984674543179311;1,06543236465317;1,14262567442923
"261.5";0,361958579872086;0,451970180242368;0,542056998375759;0,630880867897291;0,71929908002907;0,805783550994193;0,89303128990505;0,971872604718011;1,05280604768567;1,1302747078671
"262";0,351088902229267;0,440846706904448;0,53069743553441;0,619313271485445;0,707559683894477;0,79392625606029;0,881129709491676;0,960023983386612;1,04113582035228;1,11891636927729
"262.5";0,342169472637093;0,43162049772418;0,52117696943866;0,609520322288052;0,697520659845067;0,783682300535944;0,870732255810979;0,949554131442942;1,03068010494585;1,10857483822621
"263";0,334546565163274;0,423591490077307;0,512758522389429;0,600741373603948;0,688416331721827;0,774307283343159;0,86115498908987;0,93988231552449;1,02102890508809;1,09907727196987
"263.5";0,326753242932719;0,415421067147925;0,504227303104744;0,591877368464404;0,679253786768262;0,764899236688513;0,851568516600972;0,930220846850735;1,01140548942827;1,08962118214271
"264";0,319570246390591;0,407871091153322;0,496326527602824;0,583653480325669;0,670740726242504;0,756149465226613;0,842648634127185;0,921232792483286;1,00246157382996;1,08084937116889
"264.5";0,314421408095603;0,402192715214416;0,49013679193782;0,576985269652865;0,663632892147489;0,748663730978283;0,834859243803666;0,913265624749771;0,994440801038881;1,07292395042671
"265";0,309173412084729;0,396514027230536;0,484044375004896;0,570508847868694;0,656808330694592;0,741547121353897;0,827520181956468;0,905815432584951;0,986996438250745;1,06562161011246
"265.5";0,304884070666016;0,391751358543483;0,478822948728848;0,564855763230409;0,650755027813066;0,735144232726953;0,820826972658722;0,898937529579029;0,980032529135164;1,05869324912238
"266";0,301774421228816;0,388148475905326;0,474741647229217;0,560323778594335;0,645804401573221;0,729826731529637;0,815202797637274;0,893115239194057;0,974112263498898;1,05279913293695
"266.5";0,299096584750468;0,385008589308488;0,471154141587872;0,556315392544933;0,641406234520648;0,725088773451593;0,810183783310477;0,887919134822896;0,968836933800956;1,04756467592163
"267";0,296179109571277;0,381786250258054;0,467639437793085;0,552530036564005;0,637376576724069;0,720855848067719;0,805798933573047;0,883463178502425;0,964396265910251;1,04323909690219
"267.5";0,295109698489918;0,380260939137361;0,465669664750409;0,550138355437518;0,634588187913069;0,717712502984256;0,802346742031093;0,879793227261126;0,960584587777187;1,03938485133601
"268";0,294097607681382;0,378851242157625;0,463876000604821;0,547985402147642;0,632105097852627;0,714945594411262;0,799351719303172;0,876664566080315;0,957415450458354;1,03628701419781
"268.5";0,293194601060941;0,377655445256093;0,462396846787679;0,546240229768749;0,630114179311119;0,712741387875438;0,796972664496208;0,87417772898652;0,954884961948582;1,03379097125586
"269";0,293217116772979;0,37731427613037;0,461705214908709;0,545221728513104;0,628796936194545;0,711169788474405;0,795200818047916;0,872295115681275;0,952982268899521;1,03197559449681
"269.5";0,293738408381035;0,377566594596334;0,461697700866012;0,544970958755318;0,628322463538691;0,710502714097757;0,794378461693954;0,871381035842564;0,952038858536978;1,03107787507104
"270";0,294650447359461;0,378200590999231;0,462062906797542;0,545084241006954;0,628203648940302;0,71018342056122;0,79389643544476;0,870801171006547;0,951424209861494;1,03050463515893
"270.5";0,295180318060496;0,378663829417216;0,462463249264691;0,54542780625848;0,628498163317657;0,710440568627828;0,794131686285032;0,87103631113187;0,951685484500791;1,03082079297184
"271";0,29702132256402;0,380353203434793;0,46400869119287;0,546842140823582;0,629797398088184;0,711649119136267;0,795281354341196;0,872173374462601;0,952863773704617;1,03210017697201
"271.5";0,298956313433435;0,382228689313774;0,465831238180543;0,548621627905427;0,631547049464854;0,713388101453272;0,79703713728915;0,873978668672127;0,95476568747982;1,03414668300778
"272";0,301486046636259;0,384691655457717;0,468231175254323;0,550964658953756;0,63384090490114;0,715644473519851;0,799271501408153;0,876212831203072;0,957025903486175;1,03646171855329
"272.5";0,304237258038283;0,38739715274535;0,470894437658437;0,553591136344738;0,636437691624297;0,718222062317581;0,801844377706667;0,878799700946287;0,959651485527743;1,03915206037584
"273";0,307417199849766;0,390557433507715;0,474035299022003;0,556713206977554;0,639541565541429;0,721308859715177;0,804915023128027;0,881857089826024;0,9626970525108;1,04218834430762
"273.5";0,310819059619965;0,393963224726166;0,477447890735152;0,560136461623765;0,642981077535268;0,724772293223244;0,808414529038263;0,885404062901866;0,966312589024722;1,04589208097685
"274";0,314793528530441;0,397912668046483;0,481372616050209;0,564037269134451;0,646858723334377;0,728628203153798;0,812249879906321;0,889222540164877;0,970116018772234;1,04968369478129
"274.5";0,318381911862349;0,401683596339609;0,485320928311055;0,568153140284538;0,651130924987356;0,733038446575027;0,816777245321173;0,89382817088563;0,974765211551618;1,05433273307692
"275";0,323644001155028;0,406810505469414;0,490314318752366;0,573017334464331;0,655870007074923;0,737660118514255;0,821287863838589;0,898247643632987;0,979103402474571;1,05860709808364
"275.5";0,328227701567632;0,411378229016103;0,494866261801845;0,577554007881768;0,660391893565948;0,742168128367205;0,825782748351345;0,902731755679535;0,983577907869196;1,06307405993092
"276";0,333370032957131;0,416459816596335;0,499882017429443;0,582497897563334;0,665254326152047;0,746936788435824;0,83043582080438;0,90725423863283;0,987931467439517;1,06722625123476
"276.5";0,339181433285391;0,422084242906293;0,505318850417031;0,587749127632244;0,670319889113659;0,751819449047232;0,835132035591168;0,911779569062907;0,99227817365262;1,07139833292807
"277";0,345202151572702;0,427929229145002;0,510990264497244;0,593252588639864;0,67566070640341;0,75700763502292;0,840175853895555;0,916704899324703;0,997097838843293;1,07613502544875
"277.5";0,352054559985722;0,434438819563458;0,517158333066555;0,599086108922437;0,681164322691278;0,762192991346093;0,845046735203507;0,921299817846263;1,001420426479;1,08020940613548
"278";0,359100636143949;0,441135870846954;0,523507731908354;0,605095027351834;0,686837592527445;0,767542610258525;0,850076780014677;0,926049714857051;1,00589426049907;1,08443210260042
"278.5";0,365448762798252;0,44723500258757;0,529358011718569;0,610700428772404;0,692199925193769;0,772668172593032;0,854964945020202;0,930725177666958;1,01035380684853;1,08868774098747
"279";0,37321484903469;0,454577874777797;0,536285788875296;0,617230631441577;0,698351053045226;0,778472226578868;0,860454162164006;0,935973857403619;1,01541421378002;1,09363466942241
"279.5";0,381929586135023;0,462814848375463;0,544047953705994;0,624529275991532;0,705194898686183;0,784880605915169;0,866437205837207;0,941589950737228;1,02067683549756;1,0985853690671
"280";0,39082450059802;0,471212569174092;0,551951674388479;0,631950906329447;0,712143747090586;0,791377112031641;0,872492413993314;0,947265107688835;1,02598683776538;1,10357427522448
"280.5";0,400237385602445;0,48005207218742;0,560227760109857;0,6396858969707;0,719360679313487;0,798116542667041;0,878793641578387;0,953224546524151;1,03166771004008;1,10907076653717
"281";0,41036131250725;0,489707243441736;0,56941701973554;0,648420245425151;0,727648565816147;0,80597678659627;0,886235949989538;0,960305978176409;1,03840108636414;1,1154964738864
"281.5";0,42104743802053;0,499887560356556;0,579094827484683;0,657607729245343;0,736355294399604;0,814223690427893;0,89403447850649;0,967718646834829;1,04544342030694;1,12221364413966
"282";0,431828135331817;0,510061216779173;0,588668904045918;0,666601636262923;0,744787372269795;0,822128525548277;0,901440616433091;0,97471548499353;1,05207525379341;1,12855886056214
"282.5";0,442813239887494;0,52044360042993;0,598455974722919;0,675812666151098;0,753440571246669;0,830258233878627;0,909075176529563;0,981943658088577;1,05894101975832;1,13514004916274
"283";0,453466356823882;0,530556445239511;0,608029353056184;0,684855877078988;0,76195851150603;0,838265909365247;0,916573321536495;0,988987889693261;1,06552799472313;1,14129924442563
"283.5";0,465981128330035;0,542399555340947;0,619209057018999;0,695393651481639;0,771874649110586;0,847598678349054;0,925354306177675;0,997316003922938;1,07345224892388;1,14890637069759
"284";0,478669138533102;0,554385455692379;0,63049564228683;0,705995395547465;0,781801338279747;0,85687453928648;0,933987683450989;1,00538634805519;1,08096802579544;1,15591795546315
"284.5";0,49185269454841;0,566768732795533;0,642088476557922;0,716823376149015;0,791888643867009;0,866266766070757;0,942722463833897;1,01358153715335;1,08868201906721;1,16325409347571
"285";0,505533599278212;0,579546631257637;0,653971550068199;0,727836510460914;0,802053408120794;0,875626721247494;0,951307737236638;1,02151313856676;1,0960044567043;1,17006382877045
"285.5";0,518165410388801;0,591423354630785;0,665099548980482;0,738235940925621;0,811741370247339;0,884638348299483;0,959666200780259;1,02931766478679;1,10328876036388;1,17690527048213
"286";0,532406686643995;0,604720672261987;0,677458675274253;0,749679082951884;0,822285621236556;0,894321714347175;0,968508399176716;1,03743376253179;1,11070487077245;1,18370299880704
"286.5";0,545610645803113;0,61694831155649;0,688721994471019;0,760009300176625;0,83171223383209;0,902900348528523;0,976284965514157;1,0445520412621;1,11723610286552;1,1897732571189
"287";0,558673638021499;0,629092848152435;0,699959364012703;0,770368870562953;0,841221754165934;0,911612148186547;0,9842422340523;1,05189003739183;1,12402184526766;1,19612534660019
"287.5";0,572820870554699;0,64220815734628;0,712055433046094;0,781478695499683;0,851376512284686;0,920870633732567;0,992652972299644;1,05960499716491;1,1311163248598;1,20273259898243
"288";0,588351440511602;0,656496539669304;0,72511981260084;0,793362779762568;0,862123544399023;0,930559275998362;1,00135397324251;1,06751326445539;1,13834388268753;1,20945999627835
"288.5";0,602475831387946;0,66956661779974;0,737148536348324;0,804383861099001;0,872168837049429;0,939688849853386;1,00961740641807;1,07506582300899;1,14526249864247;1,21588081376508
"289";0,616679611269394;0,682602078962151;0,749035873115275;0,81516840711343;0,881897316863522;0,948443605218594;1,01747804800097;1,08222835372402;1,15185493569273;1,22209431172476
"289.5";0,630890897185009;0,695846335204842;0,761327902635038;0,826543119126886;0,892389641225485;0,958116526994127;1,02638937665816;1,09053247509402;1,15964379599626;1,22951292855639
"290";0,645301628231087;0,709287384194203;0,773811187750492;0,838099646248211;0,903048707148834;0,96793337974276;1,03540961466537;1,09889890106288;1,1674271665433;1,2368384593932
"290.5";0,658500681160336;0,721703456796505;0,785456820859374;0,849003864046272;0,913240878847446;0,977466004121844;1,04433184643679;1,1073380215611;1,17546169211394;1,24458964121243
"291";0,673504671258256;0,735733265856366;0,798527339727279;0,861150230605925;0,924498239016322;0,987897750416901;1,05399612461267;1,11639027061302;1,18399438008978;1,25274870916759
"291.5";0,687800963044092;0,749145850777239;0,811069996627964;0,872855204430822;0,935397942206109;0,998050420686313;1,06345565324912;1,12529877270168;1,19243772187923;1,26086114872111
"292";0,700560816324926;0,761282448838162;0,822596834517902;0,883800187220941;0,945791326561921;1,00794349314828;1,07290239335927;1,13441491320711;1,20131150730869;1,26961334922526
"292.5";0,714531507115653;0,774638398842738;0,835348516768776;0,895971246390037;0,957406048875426;1,01904479187095;1,08353151188872;1,14467435665248;1,21126751576441;1,2793654489804
"293";0,727395294496825;0,786978698774817;0,847174680706324;0,90730400115167;0,968266923669817;1,02947150076746;1,09356100717823;1,15439570478853;1,22074029818736;1,28867740837316
"293.5";0,740212043016677;0,799419783950504;0,85924471974653;0,919015006006508;0,979630244175397;1,04050854049317;1,1042894313576;1,16487083644285;1,2309895490516;1,29874928811507
"294";0,752879251058591;0,811765006104458;0,871277748215815;0,930754112683432;0,991096583539723;1,05173623414461;1,11531829191674;1,17577222945971;1,24182973576854;1,30961013556738
"294.5";0,764485463025139;0,822985226790602;0,882116721768993;0,94122418129267;1,00120940907685;1,06151380861732;1,12477876622053;1,18497244758575;1,25079786306971;1,31839601536466
"295";0,776795839464738;0,835013822532739;0,893869917495251;0,952714975174497;1,01245202768864;1,07253219468953;1,13559850599978;1,19564701196391;1,26136919641562;1,3289206486026
"295.5";0,787652982510376;0,845730937101014;0,904448724650282;0,9631599523696;1,0227674055742;1,0827259514441;1,14567722633757;1,20563131753615;1,27126930494434;1,33875464206329
"296";0,797831569481879;0,855890643508712;0,914592699918843;0,973292788358442;1,03289538591233;1,09285804002164;1,155826646757;1,21581282403015;1,28150565835278;1,34906842483552
"296.5";0,80776025779748;0,86574943206599;0,924382447842802;0,983015730715198;1,0425536345683;1,10245557754356;1,16536676011865;1,22530580719797;1,29095661183449;1,35848637483687
"297";0,816899688468711;0,874829492642709;0,933403868031861;0,991980408893499;1,0514633644718;1,11131374180715;1,17417615056809;1,23407516712185;1,29969027340272;1,36719200455232
"297.5";0,824714178315849;0,882854225574191;0,941636259988828;1,00041373728915;1,0600912772769;1,12012426033786;1,18315938833104;1,24320016213273;1,30894168445909;1,37654268282217
"298";0,832573461779638;0,890771618726826;0,949611048614874;1,00844406331358;1,06817538504414;1,12825883902514;1,19134170538215;1,25142165987613;1,31719812269613;1,38482655781052
"298.5";0,838750081230484;0,897315292302186;0,956514347553251;1,01569126279967;1,0757496821558;1,13613143254432;1,19948299915552;1,25976562500314;1,32569659250226;1,39341198995918
"299";0,844707085690871;0,903620124260986;0,963159814559871;1,02266225481605;1,08302997714973;1,14369332474245;1,20729779651945;1,26777013009051;1,33384404158392;1,40163732344592
"299.5";0,848452300009987;0,907899758001856;0,967967299272231;1,02798050227576;1,08884284105734;1,14997035633755;1,21401386520574;1,27484653322795;1,34124178318486;1,40928739356488
"300";0,85181581945763;0,911815639569857;0,972428753979937;1,03296986817575;1,09434342975128;1,1559506967726;1,2204479830462;1,28165308345646;1,3483804605551;1,41668687117833
"300.5";0,855532103268889;0,916033768100056;0,977136724414167;1,03814365758069;1,09995644961087;1,16195857795828;1,22680245523648;1,28825629373171;1,35515302357597;1,42352369461872
"301";0,857307133278463;0,91837033438978;0,980025007878339;1,04156171477771;1,10388160177091;1,16635094316463;1,231623291986;1,29341093221281;1,36057910596837;1,42912856497089
"301.5";0,857573130858999;0,919480966347935;0,98196405823491;1,0442941997954;1,10737057630316;1,17053250750492;1,23643305643504;1,29870056205701;1,36624420288996;1,43501977197949
"302";0,857506337900693;0,920130754897089;0,983318703553611;1,04632680082358;1,11005376992276;1,17381757803535;1,24027397150973;1,30297981873324;1,37088812987043;1,43991569221581
"302.5";0,854858561130431;0,918608171067518;0,982901648392121;1,04697131964716;1,11171444112915;1,17641451698159;1,24372959548053;1,30710447584211;1,37555694975471;1,44494308916498
"303";0,853006969709602;0,917488061710833;0,982501113221681;1,04726298115305;1,11267048600598;1,17798538058359;1,24586854475573;1,30969181347928;1,37851791717949;1,4481630852095
"303.5";0,848282269787493;0,914009194734116;0,980246932153761;1,04618567380995;1,11272098591481;1,17907692958885;1,24791788715357;1,31249153102501;1,38193433654405;1,45199504235544
"304";0,843093069842332;0,910002604770799;0,977402582197446;1,04445777325021;1,11206237842061;1,17940445915835;1,24915127108633;1,31443266176742;1,38445415407601;1,45490054666403
"304.5";0,837105107587432;0,905196357182201;0,973754772937319;1,04191865218849;1,11057910308168;1,17888603638888;1,24950512452655;1,31544884197646;1,38598228321823;1,45672759595189
"305";0,829736739506286;0,899033126989556;0,968778951139143;1,03808771598529;1,10785092870617;1,17718407246513;1,24876036476019;1,31547183492236;1,38666370816568;1,45789168823063
"305.5";0,820580907074128;0,891480474649988;0,962798105033587;1,0336114613504;1,10480797622717;1,17545152766492;1,24821349648272;1,31582665180691;1,3877176953697;1,45935724845942
"306";0,810376854593137;0,882836553939749;0,955689306068776;1,02797992214615;1,10059513446754;1,17255271789306;1,246530683373;1,31510613109592;1,38780285969412;1,46000634815793
"306.5";0,798215227024212;0,872470574693978;0,947088153063304;1,02107421453483;1,09531348112875;1,16876914655768;1,24412374799897;1,31377546973546;1,38735329645857;1,46014557658456
"307";0,786876179329144;0,862559336375115;0,938581340445399;1,01391819668197;1,08945369355315;1,16410846292385;1,2405703553238;1,31109515055066;1,38539909881798;1,45869283770814
"307.5";0,773860284648858;0,851283788860651;0,929013080343051;1,00598562326935;1,08308137331609;1,15916568623637;1,23692594087063;1,30844490671192;1,38353050182291;1,45730057778307
"308";0,758946473487584;0,838214604195989;0,91776001547762;0,99648171941257;1,07525947277386;1,15290491435095;1,23211488420583;1,30478796416237;1,38085030676292;1,45531864355139
"308.5";0,742601101725463;0,82387474633583;0,905389352650408;0,986000172108583;1,06658359605316;1,14588889060665;1,22661506289353;1,30046110320603;1,37746453347125;1,45253440698764
"309";0,725220893351968;0,808465904995709;0,891915979167493;0,974383278829698;1,05674076971039;1,13767625912459;1,21989058145383;1,29488655845835;1,37281054438312;1,44846583203061
"309.5";0,707280180129491;0,792537380479031;0,877966159815965;0,96233585985233;1,0465178176974;1,12913946433188;1,21290831522109;1,28912656946564;1,36806185603178;1,44440817584872
"310";0,689283513177988;0,776495947852288;0,86384426062195;0,950055022286149;1,0359961159052;1,1202339454058;1,20547769296899;1,28283500636168;1,36268114822916;1,43960526504661
"310.5";0,670579966096077;0,759838911250435;0,849196911749781;0,937335970755842;1,02512067815599;1,11105396803434;1,1978475976034;1,27640551346016;1,35721739362584;1,43476240388802
"311";0,649734349628746;0,741292629015331;0,832910033586555;0,923219022160016;1,01308133705697;1,10092967629431;1,18948088803918;1,26940987379481;1,35133951142679;1,42962478699694
"311.5";0,629786577030746;0,723350125518759;0,816939400698339;0,909144176345628;1,00082455396714;1,09035304043218;1,18045309613264;1,2615996935571;1,34453647117495;1,42350951179188
"312";0,607897027880415;0,703716847756886;0,799522993442022;0,893856542037963;0,987574671585995;1,0789808053625;1,17080306618304;1,25329169821021;1,33732034024573;1,41701331385631
"312.5";0,586751761321028;0,684771129845904;0,782735203098103;0,879136407283511;0,974827171956302;1,06804117988089;1,16150620423359;1,24525380895648;1,33027400935196;1,41057379015781
"313";0,566388254866226;0,666395361655783;0,766311072780717;0,864584403710563;0,962064387239374;1,05692280918713;1,15188943290206;1,23679801268568;1,32274861251878;1,4036415372049
"313.5";0,546199685957937;0,648169964779355;0,750013049483227;0,85013502837651;0,949381494194665;1,04586299326985;1,14231103465647;1,22836402561923;1,31523025357893;1,39670472308882
"314";0,523757776503776;0,627832874546781;0,731740321692763;0,833839420052898;0,934970846913064;1,03317794330059;1,13119092595035;1,21843901791062;1,3062398448324;1,38827639461521
"314.5";0,501674239186562;0,607815461293683;0,713751968686471;0,817798109755251;0,920791303182284;1,02071089524152;1,12028987287981;1,20875179184226;1,29753015041887;1,3801968542868
"315";0,47967025660098;0,587757433743371;0,695601391962281;0,801472820612778;0,906203942926297;1,00771115149294;1,10872456003602;1,19827446517747;1,28789190003976;1,3710456757456
"315.5";0,458969948899521;0,568910771637767;0,678573923168774;0,786189321657092;0,892585557233075;0,995620714212787;1,09802556209608;1,18864602977534;1,27911323614448;1,36279684327797
"316";0,438919983573779;0,550761689036195;0,662287773057664;0,771685381992947;0,87977783108074;0,98436145720615;1,08816370811773;1,17984177178843;1,27112095313197;1,35527035101091
"316.5";0,4199633956403;0,533407540652432;0,646504699466911;0,757406192110938;0,866931257966547;0,972824648575391;1,07781196763766;1,17039121715618;1,26236912354106;1,34692974479143
"317";0,400938515153464;0,51591605081083;0,630513166814004;0,742845645274635;0,853726802971108;0,960849479062967;1,06693229847785;1,16032136097108;1,25289027479988;1,3377431737695
"317.5";0,382418697471459;0,498836566275078;0,614841725720475;0,728516251793176;0,84066737465225;0,948938511537106;1,05604038256042;1,15017651363426;1,24328048081462;1,32838171998982
"318";0,363764721684574;0,481687461901848;0,59916440982896;0,714242664922423;0,827723484471947;0,937199136584039;1,04537307879559;1,14029979363721;1,23397762007103;1,319357671483
"318.5";0,346944705343928;0,466013523791661;0,584607876877945;0,700746950191186;0,815225395771721;0,925593934836806;1,03454519189157;1,13002057274978;1,22405652142351;1,30954597926874
"319";0,329481667565039;0,449850434729129;0,569714172266803;0,68706112303628;0,802679605028273;0,914074674594288;1,02392965441793;1,12005744908859;1,21454404004067;1,30021555495617
"319.5";0,31528604758423;0,4366287661792;0,557439897655125;0,675683159230422;0,792139960269571;0,904278416798019;1,01476930558344;1,11132970908174;1,20607092498507;1,29177057589732
"320";0,301535726422151;0,423700758251904;0,545309509227003;0,664304155846651;0,781458931583805;0,894209070372442;1,00521129406823;1,10210206372871;1,19700672678753;1,28266291704508
"320.5";0,288217516041097;0,411236336113579;0,533673794742297;0,653449908137754;0,771331789356704;0,884720947888148;0,996260363892763;1,09350272186653;1,18858975753581;1,27421734820435
"321";0,275209672763661;0,398994422856929;0,52217381076648;0,642647421858429;0,761175093921483;0,875126963315397;0,987131394202975;1,08466610172944;1,17988268216487;1,26544019059258
"321.5";0,263752076779685;0,388055840631901;0,511730358995405;0,632658576032188;0,751590894021222;0,865870509349884;0,978104265448767;1,07572002187162;1,1708514804749;1,2561359801428
"322";0,252795514809928;0,37752550289964;0,501609337388782;0,622917289310604;0,742193611984876;0,856761395052527;0,969213933032927;1,06693780738439;1,16206075022681;1,24720111795507
"322.5";0,243233866391969;0,368382984479097;0,492866210680645;0,614540211767144;0,734141354548484;0,848970636811691;0,961603285969718;1,05938567855914;1,15442964046318;1,23933618277154
"323";0,234757241744398;0,360210681555357;0,484976984915836;0,60690040349551;0,726707490195614;0,841678048550975;0,954363648779054;1,05208233329413;1,14691208223327;1,23144424797933
"323.5";0,22579962784916;0,35148011217229;0,476456082647099;0,598561967785404;0,718516095424122;0,833581317953979;0,946289226987126;1,04393691532683;1,13857218517746;1,22277983148396
"324";0,218434173754315;0,344137977494003;0,469122393934999;0,591216038655914;0,711128655359875;0,82611159750971;0,938674450784202;1,03611378048098;1,13043207436812;1,21421901152166
"324.5";0,211904852553787;0,337665284695662;0,462688129326747;0,584794462641567;0,704683777870261;0,819592863144345;0,932005182078367;1,02921379547947;1,12316894208531;1,20646455316894
"325";0,205707718831176;0,331460417998359;0,45646103786358;0,578525452938647;0,698344517589465;0,813144352062827;0,925386105028482;1,02236542258661;1,11598492188726;1,19884516229303
"325.5";0,200355293653969;0,325948043064072;0,450776092249357;0,572653110348685;0,69226104457866;0,806819421020428;0,918765558645177;1,01541294758075;1,10860527388513;1,19095827377958
"326";0,1954092193799;0,320848244192211;0,445509871344568;0,567205442063795;0,686608007389163;0,800930332634631;0,912585969021211;1,00890562667299;1,10167452307699;1,18352322169701
"326.5";0,191428219721476;0,316679286052076;0,441140678049922;0,562622082906354;0,681787595145419;0,795844135502129;0,907181146775924;1,0031499908096;1,09547487298719;1,17680310665183
"327";0,18829493390976;0,313208770774505;0,437322491295752;0,558447066952587;0,677237372660798;0,790898479458258;0,901794236283576;0,997311620135913;1,08910273366076;1,16984002340837
"327.5";0,1846356500629;0,309284794234727;0,433122488516252;0,553959560824909;0,672441794315712;0,7857704690557;0,896284561957312;0,991399393840081;1,08270035399669;1,16288094838846
"328";0,18238363117374;0,306577055141499;0,429947126188813;0,550307218170164;0,668291960743115;0,781101780431652;0,891044433553028;0,985583096025525;1,07621284129155;1,15566020193172
"328.5";0,17978931467795;0,303585686864576;0,426548999385026;0,546495087953309;0,664049257180723;0,776411684895681;0,885863938245235;0,979910805098994;1,06997081144239;1,14879898279232
"329";0,177616897919778;0,301039792962311;0,423622549208581;0,543184070957884;0,66034210437296;0,772298122635591;0,881312185919083;0,974927968818934;1,06449861083531;1,14280506766883
"329.5";0,175812493488302;0,29882844854874;0,420994679601232;0,540132747448797;0,656851055779765;0,768351093714454;0,876866633855589;0,969983953977327;1,05897891144271;1,13666151022795
"330";0,17475410299106;0,297310200893463;0,419007639971461;0,537671679179425;0,653901286463716;0,764899383085172;0,87287292748163;0,965456105205913;1,05384355980817;1,13087731546438
"330.5";0,173528220664547;0,295658434438824;0,416923554383155;0,535152939641967;0,650937907344724;0,761484076653548;0,86897637751529;0,961093135665279;1,04895971439924;1,12544701134769
"331";0,172449026368337;0,29409477408698;0,414860960888333;0,532578986920829;0,647827240104413;0,757809080404431;0,86467348351583;0,956149873878491;1,04326175375184;1,11891590056328
"331.5";0,171964693672294;0,293127264173488;0,413404542930616;0,530633158067422;0,645383745706762;0,754863897028131;0,861199989095189;0,952171329786963;1,03872788430814;1,11380852122401
"332";0,171492054104813;0,292180800500278;0,411975492000387;0,528716729812485;0,642965689700439;0,7519317687763;0,857714390949659;0,948142171973161;1,03408282551299;1,10850802474325
"332.5";0,171564147402085;0,291727005311082;0,410990602454255;0,527201608763817;0,640913372927098;0,749340666335527;0,854559889235069;0,944453822342253;1,02981346887807;1,10364499189647
"333";0,171182669917044;0,290961060851397;0,409830329596668;0,525639360219094;0,638932198540712;0,746923030455054;0,851662192272984;0,941072815118018;1,02587028978864;1,09908856549001
"333.5";0,171876990605229;0,291151280355801;0,409510974263115;0,52481059624633;0,637586403451496;0,745057372966337;0,849251034249921;0,938142499355379;1,02237206740364;1,0950069538656
"334";0,171828825266182;0,290849320692253;0,408943752778433;0,523966287353404;0,636444109011029;0,743592112199369;0,847413062804189;0,935909324209021;1,01965529191641;1,09173862873685
"334.5";0,172620972638848;0,291231148159056;0,408905716669709;0,523501567035288;0,635536535418065;0,742225622660239;0,845545273442386;0,93354079314192;1,01670904400052;1,0881669269273
"335";0,173090332722917;0,291365872286;0,408695330952449;0,522936830822595;0,634598993021561;0,740894899285336;0,843775426242443;0,931321234444431;1,01395727608884;1,08482543963632
"335.5";0,174103293247773;0,291991022470303;0,408925767832779;0,522769002162487;0,634021762873453;0,739898810648849;0,842329372509626;0,929434432542234;1,01157249152165;1,08191217307085
"336";0,174854715931537;0,292488247009265;0,409157331693588;0,522723092670309;0,633677494089528;0,739231224802044;0,841288744236967;0,927998328291498;1,00965254411895;1,0794404853613
"336.5";0,175978376874571;0,293334714732249;0,409721261025679;0,523001382506471;0,63366137962541;0,738912834744993;0,840644106068442;0,927032342364039;1,00832128747499;1,07771931899014
"337";0,177202850117067;0,294376594033992;0,410568203779289;0,523639286470833;0,634067195499296;0,739057525079087;0,840474578375991;0,926515618116965;1,0073637746207;1,07624387407389
"337.5";0,17846412147077;0,29549134097891;0,411523640384097;0,524420157160119;0,634649361210794;0,739409893287466;0,840542360456947;0,92626052367074;1,00668957964128;1,07506877742313
"338";0,179568442810678;0,296495552534485;0,412420220484742;0,525200342403883;0,63529903660944;0,739911098148723;0,840862795071765;0,926379009747547;1,00654927264214;1,07462217143192
"338.5";0,180915224672338;0,297781735941871;0,413634880773663;0,526329464637924;0,636321598858452;0,740799000384163;0,841569543838783;0,926865634279552;1,00673466215795;1,07443357350316
"339";0,183405289261303;0,300153499269534;0,415875210023214;0,528422201790197;0,638241752151276;0,742513869267086;0,843023012519188;0,928015256003849;1,00748215350866;1,07469348886802
"339.5";0,184896039760345;0,30172476946407;0,417514340791973;0,530110665900849;0,63995426410126;0,744214288764803;0,844658210154751;0,929525478886182;1,00877599362293;1,07567997110249
"340";0,186436063012555;0,303393609595712;0,419298745070023;0,531990562775776;0,641902908878039;0,74619278940045;0,846611166107413;0,931386024656726;1,01044919700501;1,07706862033589
"340.5";0,188585462077161;0,305681015717014;0,421710792560227;0,534506886226629;0,644496485933659;0,748824204403829;0,849224586356816;0,933913231238118;1,01279458711511;1,07913379548072
"341";0,190673880022964;0,307847666988143;0,423943046136767;0,536786287983632;0,64679781944618;0,751111459647122;0,851444741435513;0,936006869969288;1,01467046831783;1,08070123928391
"341.5";0,192899067418705;0,310287257711197;0,426585652894056;0,53961309072045;0,649785200857061;0,7542235395294;0,854634430381785;0,939206672111906;1,01780058944872;1,08367356019349
"342";0,195249405772768;0,312972563941056;0,429590140502921;0,542910096417753;0,653341751551909;0,757988997643296;0,858543701306273;0,943162530995246;1,02169306147683;1,08737881318686
"342.5";0,197529333483155;0,315520551469927;0,432394141075189;0,545949574296029;0,65659146831866;0,761410015995797;0,862086408688515;0,946751529679469;1,02524464200079;1,09079792764147
"343";0,199909520437097;0,318264963916219;0,435486632917086;0,549362546721742;0,660291064283199;0,765343930956253;0,866188172223129;0,950919608238927;1,02936692587543;1,09474680659572
"343.5";0,202179431183134;0,320989155972902;0,438650770695413;0,552940139995264;0,664251248364357;0,769637158498282;0,870756073770564;0,955659361680687;1,03418123337514;1,09951657333537
"344";0,204687627619629;0,323987052877818;0,442120679782284;0,556850450351638;0,668564311996686;0,774293521876682;0,875683366124519;0,960737571068296;1,039289094318;1,10451027292827
"344.5";0,20740689444298;0,327208979870136;0,445830336738967;0,561019800117474;0,673161028224039;0,779265300813976;0,880969563343657;0,966228239822162;1,04488340661903;1,1100828867634
"345";0,21042377390181;0,330628159338222;0,449638119519869;0,565191358102724;0,677667067225993;0,784059235141322;0,885995467915233;0,971390947685914;1,05008941295608;1,11521980913697
"345.5";0,21246599411435;0,333487490336534;0,453292848877834;0,569599405863046;0,682780893417384;0,78980073190004;0,892276868292817;0,978044022824455;1,05696900661227;1,12213982968679
"346";0,215873809652881;0,33748476155087;0,457863578775853;0,57471278197671;0,688401967065014;0,795872254121324;0,898734113178421;0,984764261465437;1,06384507764998;1,12903518314503
"346.5";0,2185279163215;0,340775806990719;0,461777899756013;0,579222035890294;0,69347548382832;0,801457967568109;0,904777400309937;0,991147374391657;1,0704787733695;1,13579692454399
"347";0,221887732840311;0,344874070642711;0,466596782322618;0,584725960856145;0,699625001064769;0,808187339266937;0,912014894371508;0,998748320299801;1,07832513802546;1,14373291860254
"347.5";0,224795146055448;0,348662496866155;0,471243723717854;0,590187294172804;0,705851255667411;0,815096766437121;0,919516722215797;1,0066649092364;1,08650666893737;1,15198504812811
"348";0,228208351653744;0,352868590107562;0,476227124632714;0,595914673641447;0,712287231956297;0,822180388130622;0,927186032958661;1,01477919492998;1,09496530716543;1,16064536399223
"348.5";0,231346929092977;0,356922944747991;0,481180166091851;0,601729143368488;0,718924035381824;0,829571572157257;0,935263862459366;1,02338485816169;1,10398921459822;1,16992897191474
"349";0,234109275405277;0,360622258025635;0,485796178145734;0,607219929951007;0,725244148527192;0,836643963310372;0,943007464302671;1,03162576464927;1,11259490686102;1,17871802560542
"349.5";0,237869165315294;0,365318815634241;0,491412056309203;0,613717202138505;0,732583089009181;0,844755428745025;0,951822737205959;1,04098295678572;1,1223829043445;1,18877558712043
"350";0,241423177677492;0,369997666145582;0,497193167690612;0,620552642903926;0,740421735081021;0,853509527532303;0,961402386916387;1,05118658404402;1,13306428153138;1,19972902995398
"350.5";0,245271823058576;0,374869977394346;0,503070728384924;0,627394744719939;0,74818602383216;0,862121903121244;0,970790040847849;1,06117481607512;1,14353562961684;1,21051101864512
"351";0,249174821240217;0,380041741219619;0,509483994221393;0,634992990808355;0,756908064449823;0,871863897188145;0,981442982748966;1,07250396284721;1,15536286826657;1,22259193504747
"351.5";0,253021394628683;0,385108098134585;0,515752225162004;0,642420104676377;0,765451494992457;0,881446258588404;0,991994580014478;1,0838331877057;1,16735933133208;1,23507798045076
"352";0,256373513219559;0,389779238725732;0,521717423796549;0,649625220780348;0,773839537653187;0,890918411512284;1,00245181008694;1,09504532457102;1,17916597799242;1,24724837753035
"352.5";0,260949885670024;0,395700515325358;0,528961239842904;0,658140596257472;0,783574412871163;0,901780383694146;1,01435296479394;1,10776365358491;1,19256057886962;1,26110529310285
"353";0,26507194160306;0,401114234322685;0,535644911578417;0,666044943115152;0,792648983722577;0,911935809194445;1,02550383411888;1,11969579920047;1,20513698327464;1,27411887418703
"353.5";0,269049339701037;0,406437541910164;0,542291751596514;0,673964303401843;0,801788774213811;0,922203569833588;1,03681160319195;1,13182142043519;1,21793948086885;1,28738416115232
"354";0,273469747595526;0,412442057650983;0,549855070472834;0,683027796786466;0,812293155406789;0,934042807331581;1,04988653421585;1,14587480982379;1,23281297175216;1,30283290782492
"354.5";0,278277174813975;0,418820869048869;0,557780117723562;0,692440858105972;0,823135328512545;0,946208785656263;1,06327775329944;1,16023590828835;1,24798652115946;1,31857570548548
"355";0,281992168343384;0,424212683324008;0,564822308516504;0,701071832266258;0,833292998225269;0,95778183706354;1,07616266388082;1,17416178928085;1,26278825053643;1,3339964654611
"355.5";0,28648502350258;0,430360659184398;0,572599227561393;0,710416795210738;0,844144572873226;0,970029945925814;1,08970480486219;1,18873026933079;1,27821953105631;1,3500365308069
"356";0,290937259578513;0,436624241237299;0,580646057938601;0,72018097927646;0,855559958430579;0,982977554488029;1,10407478797989;1,2042319270395;1,29467792517364;1,36717747221188
"356.5";0,29600158229622;0,443315717138937;0,588938853251057;0,730015088984727;0,866874795315151;0,995664634520232;1,11803292421204;1,21919754512889;1,31048952728014;1,38358465415627
"357";0,300893805794063;0,449864550683434;0,597121018387393;0,739773626953338;0,878153942117215;1,00836211597297;1,13205850394586;1,23429528449916;1,32651716215807;1,40030812096487
"357.5";0,304689664971363;0,455416495165871;0,604401629720998;0,748718777479172;0,888699149217226;1,02039154965928;1,14546491435286;1,24879610976624;1,34194149641227;1,41638891093351
"358";0,309894917719328;0,462387040802901;0,613109936624417;0,759100423574732;0,900689373700117;1,03387399793585;1,16033190357909;1,26476372210318;1,35883815411993;1,43394637175788
"358.5";0,314430248848869;0,468817276234036;0,621408869071717;0,76920347474709;0,912533580065463;1,04734350840086;1,17532527619953;1,28098992522278;1,37613753554447;1,4520540968098
"359";0,319582847406036;0,475685664509339;0,629969041243943;0,779396579768616;0,924302065954737;1,06058172918963;1,18994021264698;1,29671692343894;1,39283001312606;1,46947034826835
"359.5";0,324283337780892;0,482440839882583;0,63874781312801;0,790125272688221;0,9369071757633;1,07493041306226;1,20591117933401;1,31398363703385;1,41119977927009;1,48863755530595
"360";0,329379917478615;0,48939433970383;0,647532492643859;0,800677768163254;0,949165671273278;1,08878122167761;1,22125464528256;1,33053432249628;1,42880080371521;1,50702898897928
"360.5";0,333582269472547;0,495557289893183;0,655629026311706;0,810641206436179;0,960931065823675;1,10222897847627;1,23628023318852;1,34683703527434;1,44621619556111;1,52528374211786
"361";0,338676088142929;0,502503213826014;0,664398456889485;0,821166945732519;0,973145730190137;1,11601126714949;1,2515183810501;1,36323433983959;1,4635947444882;1,54336408301148
"361.5";0,343570953702567;0,509449359436916;0,673367753280806;0,832089814450821;0,985954483156343;1,13058114369936;1,26774058580934;1,38079481207808;1,48232242144805;1,56297393710748
"362";0,348622001847196;0,516310589147495;0,682011081216234;0,842449383207704;0,997964175717898;1,1441220479216;1,28270290799829;1,39688802374922;1,4993716693848;1,58070518255018
"362.5";0,353193323867208;0,522812093762793;0,690416127542406;0,852692264919433;1,00998086342759;1,15779468054103;1,29792838465294;1,41337011743488;1,51694815368958;1,5991066672863
"363";0,358165741798948;0,529911808630169;0,699614075765107;0,863916437380938;1,02316127536699;1,17280224020168;1,31465072203441;1,43148197698654;1,53627292578649;1,61934950823087
"363.5";0,362525318775036;0,535994015575049;0,707394822785311;0,873336654709739;1,0341632043598;1,18527984516425;1,32851066206922;1,44645859085664;1,55221913196312;1,63602271793914
"364";0,367071201859652;0,542447254494644;0,715731974582109;0,883496731098675;1,04608857880786;1,19886184530944;1,34365959620584;1,46289356735974;1,56980097320967;1,6545051257637
"364.5";0,372328806841503;0,549523576558775;0,724601742846113;0,894097803381039;1,05836029340464;1,21269269192463;1,35895171553118;1,4793671476443;1,58730192155547;1,67277844560119
"365";0,376624967433366;0,555480206339352;0,732195515928584;0,903271637608598;1,06905830818303;1,22481239319491;1,37240268545104;1,4938928792427;1,60275986910631;1,68893404719369
"365.5";0,38137453102633;0,562138624903592;0,740736410713571;0,913629984246303;1,0811707216528;1,23856222755842;1,38768784274627;1,51042027333241;1,6203688298315;1,70735793841734
"366";0,386391546010987;0,56893457062951;0,749286505304901;0,923873357701932;1,09304791432497;1,25196399599383;1,40251819855385;1,52640526399826;1,63735726562246;1,7250999604013
"366.5";0,390783767541911;0,575081420342603;0,757163500022572;0,933420404504814;1,10420628781332;1,26462583736238;1,41658866221765;1,5416139764218;1,65355481040314;1,74203961681299
"367";0,39479695040174;0,581067926319804;0,765099075367703;0,943241951608816;1,11585418708782;1,27798765793306;1,43157161032624;1,55792744560314;1,67105480947531;1,76047132921006
"367.5";0,399181012028136;0,587196509284448;0,772944903347207;0,95274126670561;1,12694285606351;1,29055050966141;1,44550193872686;1,57294439181252;1,68698831143026;1,77705582690099
"368";0,403834892269295;0,593667564115019;0,78121079821042;0,962743896889258;1,13862731966121;1,30381327242375;1,4602575496407;1,58892524002421;1,70406179974146;1,79498730231235
"368.5";0,408458373637721;0,60007631457818;0,789379957988939;0,972612393311232;1,15013550157958;1,31685153525497;1,47472960693829;1,60455620584045;1,72070002184062;1,81238210328632
"369";0,413541563107884;0,607005407562631;0,798132266829008;0,983128894678569;1,16236042558696;1,33067971081098;1,49007423207774;1,62114543887125;1,73839916924693;1,83095280228309
"369.5";0,417895909763786;0,613077257424159;0,805897593014792;0,992528791351698;1,17333728899666;1,34312779736235;1,50390044195474;1,6360848658428;1,75430510587845;1,84758332182211
"370";0,42202239796081;0,618697901820751;0,812991111846321;1,00104342036995;1,18322217238608;1,3542899168131;1,51625720034439;1,64940424870712;1,76845670316423;1,86235404772885
"370.5";0,426368802979822;0,62456009402121;0,820350460968345;1,0098514586557;1,19343310368234;1,36581737853862;1,5290299139599;1,6631989879448;1,78316286272799;1,87777589298184
"371";0,43016262014244;0,630110103405197;0,827632160172793;1,01880470475062;1,20399912401399;1,37788822518997;1,54251066779847;1,67781904510284;1,79877269267667;1,89412857302947
"371.5";0,4343221286218;0,635796134585835;0,834823034479393;1,02744762300619;1,2140422525208;1,3892367015438;1,55508037287103;1,69137319789442;1,81317852138662;1,90916881234872
"372";0,43931456479383;0,642349477704724;0,842918099726568;1,03703449990555;1,22507378172532;1,40162394975554;1,56874993983402;1,70609521266344;1,82883908632678;1,92556636647706
"372.5";0,44305853171596;0,647802882111169;0,850059931237392;1,04581009873536;1,23543150100582;1,41346639360197;1,58199672347445;1,72049459142395;1,84426632446513;1,94180072315993
"373";0,447055170406575;0,653168506933048;0,856777716235209;1,05383627015967;1,24472469797207;1,42394861757749;1,59360359910832;1,73302451147967;1,85761939555514;1,95580016716754
"373.5";0,450915690580792;0,658262481282014;0,86308706723466;1,06131756958822;1,25333496654855;1,43360969059427;1,60424513872299;1,74445289617705;1,86972323841735;1,96840004702517
"374";0,454412102888204;0,663223569382899;0,869491911702607;1,06911534882;1,2624757154138;1,44400207044108;1,61580793871871;1,75695844336469;1,88304327389595;1,98232529181913
"374.5";0,457679570987076;0,667733410517;0,875228856094754;1,07603967121315;1,27054988025772;1,45315529303492;1,62598179757938;1,76796997725641;1,89480182824721;1,99467043814899
"375";0,462413586936092;0,673971069873186;0,882951677855114;1,08519957592073;1,28110143865656;1,46501283444017;1,63907461450191;1,78207663181232;1,90981260125808;2,01039116311193
"375.5";0,466346684813312;0,679012722508739;0,88908534284036;1,09238581873125;1,28930105357049;1,4741547729441;1,64909441203702;1,79279906049475;1,92113538794076;2,02215101497272
"376";0,468941666909604;0,68297506694149;0,894398243612005;1,09900555401368;1,29718631153851;1,4832276475814;1,65929060435017;1,80391720237953;1,93307570449602;2,03473693776323
"376.5";0,471987980684624;0,687046978143086;0,899483146811906;1,1050706554211;1,30420062499822;1,49113273926961;1,66803824646329;1,81335635769504;1,94313153631627;2,04527700999015
"377";0,475316734327394;0,691480028322822;0,905004003456981;1,11164002016502;1,31177942077186;1,49965016017341;1,67743002817749;1,82344789943362;1,95382087564977;2,05640140396336
"377.5";0,478289784649596;0,695406863188637;0,909872900076998;1,1174204809873;1,31844262930843;1,50714177416821;1,68570519676367;1,83236616109614;1,96331263379678;2,06634349574357
"378";0,481803394146641;0,699815993294733;0,915166544113979;1,12357000441033;1,32542097594529;1,51489792137383;1,69419703348072;1,84146180619663;1,97294674214303;2,07640042814623
"378.5";0,484700613322078;0,703590558775255;0,919804755231282;1,12903981960086;1,33169017493863;1,52190862885072;1,70189565725348;1,84970716788434;1,98165343962097;2,08543502469809
"379";0,487344022366545;0,706864637773609;0,92370175273577;1,13353956974719;1,33677362343066;1,52753984301545;1,70804498039925;1,85628172279082;1,98860720700671;2,0926865657202
"379.5";0,490362525215361;0,710881477761481;0,928704659485578;1,13949662112416;1,3436546568888;1,53528797789674;1,7166132707908;1,86552314602593;1,99844891554044;2,10299964359407
"380";0,492422338478754;0,713588040404566;0,932050022431355;1,14346010436379;1,34821672032189;1,54041177271857;1,72226838418906;1,87161433280261;2,00492898311632;2,10978507677888
"380.5";0,495045164350814;0,717017400718833;0,936276004222178;1,14845691844617;1,35395999904361;1,54685556345703;1,72937476038199;1,87926451809696;2,01306412559553;2,11830102809812
"381";0,497171964348362;0,719854502035099;0,939811759307889;1,15266462705221;1,35881248779392;1,55230447448729;1,73537435664591;1,88569822151988;2,0198587231386;2,12534465367847
"381.5";0,499691791735364;0,722883864556878;0,94334439436235;1,15668424209788;1,36330368835498;1,55723822959555;1,74072670586643;1,89139412686064;2,0258610043905;2,13158751422081
"382";0,502118977421339;0,725727669423145;0,946596780452478;1,16032789973878;1,3673203171261;1,56159620428992;1,74539409957821;1,89629761136481;2,03094879630561;2,13678567083988
"382.5";0,503800940579709;0,727884161675667;0,949224886816973;1,16341643515023;1,37086065793326;1,56556920217019;1,74978977598525;1,90105805729865;2,03606076905445;2,14220803852401
"383";0,505617418381875;0,730108871283939;0,951852810729729;1,16643452003085;1,37425656996169;1,56931968217592;1,75387562723196;1,90541916048756;2,04066733596707;2,14700735390777
"383.5";0,507042542340906;0,731752553390221;0,953709447358355;1,16849313457073;1,37650484596779;1,5717372790479;1,75643993170728;1,9080860123047;2,04339940403672;2,14975627127971
"384";0,508561167621908;0,733387455246977;0,955459196656978;1,17035401333221;1,37847334115288;1,57380676575217;1,75860494212853;1,91032942267626;2,04571272978692;2,15212449753492
"384.5";0,509682109124751;0,734822983814671;0,957205445758097;1,17240092394933;1,38081140873443;1,57641806657424;1,76147468301519;1,91341127516053;2,04898373880236;2,15554404023846
"385";0,511590082077245;0,736640751796771;0,958934117462412;1,17404338370732;1,38237038188954;1,57789869259076;1,76288120370134;1,91475697478153;2,05027519951417;2,15679291027112
"385.5";0,512387924281366;0,737632519054984;0,960117426277743;1,17541203326697;1,38391851317741;1,5796152566493;1,76475708137797;1,91676360720822;2,05239843619654;2,15900770953417
"386";0,513458947557562;0,738577119264619;0,960937157263346;1,17611093744469;1,38450041014026;1,58008734940208;1,76512531485256;1,91704659942019;2,0526054120958;2,15915499421818
"386.5";0,514265906208978;0,739194858663593;0,961368003068712;1,1763609399998;1,38457528628584;1,57999787998077;1,76488039773081;1,91667410045415;2,05211913840284;2,15857937981025
"387";0,51528995861483;0,74004644712595;0,962049247310006;1,17687735460727;1,38493208187565;1,58020488275511;1,7649457176527;1,91662313586641;2,0519644738067;2,15834328559315
"387.5";0,515137192823187;0,739741831708027;0,961591731254326;1,17626780520437;1,38416937373117;1,57928977939984;1,76387302391902;1,91540324053892;2,05058707403721;2,1568078454408
"388";0,516021244734367;0,740316191101952;0,961860204504443;1,17624029482346;1,38385523639287;1,57870665995927;1,76303548539038;1,91435689058117;2,04935451056722;2,15542905926578
"388.5";0,515639357828939;0,739559978409364;0,960734266793708;1,17475660127589;1,38202509643324;1,5765514009491;1,76057270966571;1,9116417241844;2,04641426763259;2,1523120767387
"389";0,516374196573983;0,739642825669991;0,960173136076659;1,1735723402079;1,3802374034933;1,57419742361294;1,75768310725095;1,90831251388102;2,04269302453047;2,14828299294527
"389.5";0,515975878220409;0,738854075413351;0,958998752643259;1,17202480777703;1,37832851810035;1,57194943027183;1,75511436567346;1,9054805220178;2,03962627176104;2,14503189600882
"390";0,51613258707118;0,738574161497881;0,958284665044063;1,17088651949272;1,37677350752641;1,56999468600268;1,75276808374419;1,90279502905627;2,03661204449679;2,14172517145182
"390.5";0,515384725115587;0,737093244778601;0,956079703401607;1,16798095257693;1,37318948296374;1,56577396988164;1,74794514731076;1,89747782749113;2,03085406798659;2,13562107986052
"391";0,514698697192561;0,735736880350187;0,954064158816952;1,16533165019805;1,36993238871835;1,56195516462282;1,74360848877515;1,89273400823316;2,02577338485743;2,13031023825959
"391.5";0,514316755265828;0,734392438323438;0,951769046600889;1,16211664402718;1,3658265684019;1,55701336898917;1,73787597853241;1,88635252841506;2,01881316802038;2,12289557270117
"392";0,51367237909388;0,732920404091653;0,949479526901394;1,15903610347909;1,36198001286078;1,55244795460419;1,73263062518511;1,88054912328197;2,01251210438493;2,11620372661583
"392.5";0,512450340459552;0,730500522412085;0,945876524643899;1,1542882820407;1,35612356241666;1,54555112274122;1,72474973940334;1,87186058699458;2,00310332285995;2,10622937814649
"393";0,511616265179091;0,728848886012163;0,943417375617016;1,15104776215322;1,35212637246746;1,54084384360224;1,71937081615651;1,86593041986473;1,99668156836806;2,09942160852015
"393.5";0,510319769910386;0,72647549688459;0,939977411166661;1,14657166824233;1,34664097186481;1,53440260460396;1,71201204297437;1,85780073028311;1,98783815898238;2,08998339498513
"394";0,509000185299819;0,723862454600942;0,936086808858951;1,1414448646145;1,34031704587629;1,5269552515233;1,70350208649416;1,84841865474874;1,97767834655436;2,07921287073913
"394.5";0,507912374111096;0,721512330067404;0,932489885840437;1,13664150596555;1,33434538959942;1,51988721842649;1,69539703573578;1,83946248412517;1,96796316565932;2,06890168295986
"395";0,505865115438197;0,718242507651447;0,928012525986259;1,13099570052204;1,3275680756229;1,51204805197546;1,68655350677905;1,82979463663258;1,95756020874053;2,0579214871086
"395.5";0,503652446895313;0,714645140505926;0,923047479312507;1,12470725048057;1,3199980578158;1,50327536015974;1,6766432551706;1,8189507464051;1,94588371980314;2,04559120654056
"396";0,501669511908763;0,711306651767537;0,918370097682714;1,11873432020439;1,31277053394818;1,49487047591817;1,66712475426034;1,80851825790905;1,93463615696325;2,03370361294156
"396.5";0,499488901787608;0,707576726602099;0,913109899817636;1,11199338946116;1,30459567945015;1,48534997050999;1,65633145309913;1,79668032482894;1,92186664375111;2,02020258371059
"397";0,497279267719624;0,703789328198722;0,907764129088484;1,10513969590249;1,29628173171764;1,47566566235806;1,6453509774874;1,784636035249;1,90887366790281;2,00646465938358
"397.5";0,494887375590776;0,699837062394487;0,902270667873094;1,09815493270053;1,28785280976453;1,46588148456838;1,63428491904051;1,77251788855658;1,89581729168766;1,99267154576746
"398";0,492518510596452;0,695734354809677;0,896455428036381;1,09068260075802;1,27877576993077;1,45529852321882;1,62227756857543;1,75934148773015;1,88159835705552;1,9776339696113
"398.5";0,489405517019831;0,690940175341354;0,889997808454046;1,08261130934614;1,26913588680378;1,44417794645325;1,60974301867651;1,74562857509075;1,8668083727851;1,96196386200866
"399";0,48687420318982;0,686517894969298;0,883710720427101;1,07452386604435;1,25931093278854;1,43273110846244;1,59677555348476;1,73143093445013;1,85153992155605;1,94588892638353
"399.5";0,483647980897352;0,681501608426287;0,876926370982154;1,06602869154832;1,24915901606893;1,42102443914629;1,58359830774572;1,71704673066862;1,83607937871935;1,92958319671466
"400";0,481015458438876;0,676876806163568;0,870333775657765;1,05753200691717;1,23881843445372;1,40895347148614;1,56989063922021;1,70199575944779;1,81983047923344;1,91239363341986
"400.5";NA;NA;NA;NA;NA;NA;NA;NA;NA;NA
"401";NA;NA;NA;NA;NA;NA;NA;NA;NA;NA
"401.5";NA;NA;NA;NA;NA;NA;NA;NA;NA;NA
"402";NA;NA;NA;NA;NA;NA;NA;NA;NA;NA
"402.5";NA;NA;NA;NA;NA;NA;NA;NA;NA;NA
"403";NA;NA;NA;NA;NA;NA;NA;NA;NA;NA
"403.5";NA;NA;NA;NA;NA;NA;NA;NA;NA;NA
"404";NA;NA;NA;NA;NA;NA;NA;NA;NA;NA
"404.5";NA;NA;NA;NA;NA;NA;NA;NA;NA;NA
"405";NA;NA;NA;NA;NA;NA;NA;NA;NA;NA
"405.5";NA;NA;NA;NA;NA;NA;NA;NA;NA;NA
"406";NA;NA;NA;NA;NA;NA;NA;NA;NA;NA
"406.5";NA;NA;NA;NA;NA;NA;NA;NA;NA;NA
"407";NA;NA;NA;NA;NA;NA;NA;NA;NA;NA
"407.5";NA;NA;NA;NA;NA;NA;NA;NA;NA;NA
"408";NA;NA;NA;NA;NA;NA;NA;NA;NA;NA
"408.5";NA;NA;NA;NA;NA;NA;NA;NA;NA;NA
"409";NA;NA;NA;NA;NA;NA;NA;NA;NA;NA
"409.5";NA;NA;NA;NA;NA;NA;NA;NA;NA;NA
"410";NA;NA;NA;NA;NA;NA;NA;NA;NA;NA
"410.5";NA;NA;NA;NA;NA;NA;NA;NA;NA;NA
"411";NA;NA;NA;NA;NA;NA;NA;NA;NA;NA
"411.5";NA;NA;NA;NA;NA;NA;NA;NA;NA;NA
"412";NA;NA;NA;NA;NA;NA;NA;NA;NA;NA
"412.5";NA;NA;NA;NA;NA;NA;NA;NA;NA;NA
"413";NA;NA;NA;NA;NA;NA;NA;NA;NA;NA
"413.5";NA;NA;NA;NA;NA;NA;NA;NA;NA;NA
"414";NA;NA;NA;NA;NA;NA;NA;NA;NA;NA
"414.5";NA;NA;NA;NA;NA;NA;NA;NA;NA;NA
"415";NA;NA;NA;NA;NA;NA;NA;NA;NA;NA
"415.5";NA;NA;NA;NA;NA;NA;NA;NA;NA;NA
"416";NA;NA;NA;NA;NA;NA;NA;NA;NA;NA
"416.5";NA;NA;NA;NA;NA;NA;NA;NA;NA;NA
"417";NA;NA;NA;NA;NA;NA;NA;NA;NA;NA
"417.5";NA;NA;NA;NA;NA;NA;NA;NA;NA;NA
"418";NA;NA;NA;NA;NA;NA;NA;NA;NA;NA
"418.5";NA;NA;NA;NA;NA;NA;NA;NA;NA;NA
"419";NA;NA;NA;NA;NA;NA;NA;NA;NA;NA
"419.5";NA;NA;NA;NA;NA;NA;NA;NA;NA;NA
"420";NA;NA;NA;NA;NA;NA;NA;NA;NA;NA
"420.5";NA;NA;NA;NA;NA;NA;NA;NA;NA;NA
"421";NA;NA;NA;NA;NA;NA;NA;NA;NA;NA
"421.5";NA;NA;NA;NA;NA;NA;NA;NA;NA;NA
"422";NA;NA;NA;NA;NA;NA;NA;NA;NA;NA
"422.5";NA;NA;NA;NA;NA;NA;NA;NA;NA;NA
"423";NA;NA;NA;NA;NA;NA;NA;NA;NA;NA
"423.5";NA;NA;NA;NA;NA;NA;NA;NA;NA;NA
"424";NA;NA;NA;NA;NA;NA;NA;NA;NA;NA
"424.5";NA;NA;NA;NA;NA;NA;NA;NA;NA;NA
"425";NA;NA;NA;NA;NA;NA;NA;NA;NA;NA
"425.5";NA;NA;NA;NA;NA;NA;NA;NA;NA;NA
"426";NA;NA;NA;NA;NA;NA;NA;NA;NA;NA
"426.5";NA;NA;NA;NA;NA;NA;NA;NA;NA;NA
"427";NA;NA;NA;NA;NA;NA;NA;NA;NA;NA
"427.5";NA;NA;NA;NA;NA;NA;NA;NA;NA;NA
"428";NA;NA;NA;NA;NA;NA;NA;NA;NA;NA
"428.5";NA;NA;NA;NA;NA;NA;NA;NA;NA;NA
"429";NA;NA;NA;NA;NA;NA;NA;NA;NA;NA
"429.5";NA;NA;NA;NA;NA;NA;NA;NA;NA;NA
"430";NA;NA;NA;NA;NA;NA;NA;NA;NA;NA
"430.5";NA;NA;NA;NA;NA;NA;NA;NA;NA;NA
"431";NA;NA;NA;NA;NA;NA;NA;NA;NA;NA
"431.5";NA;NA;NA;NA;NA;NA;NA;NA;NA;NA
"432";NA;NA;NA;NA;NA;NA;NA;NA;NA;NA
"432.5";NA;NA;NA;NA;NA;NA;NA;NA;NA;NA
"433";NA;NA;NA;NA;NA;NA;NA;NA;NA;NA
"433.5";NA;NA;NA;NA;NA;NA;NA;NA;NA;NA
"434";NA;NA;NA;NA;NA;NA;NA;NA;NA;NA
"434.5";NA;NA;NA;NA;NA;NA;NA;NA;NA;NA
"435";NA;NA;NA;NA;NA;NA;NA;NA;NA;NA
"435.5";NA;NA;NA;NA;NA;NA;NA;NA;NA;NA
"436";NA;NA;NA;NA;NA;NA;NA;NA;NA;NA
"436.5";NA;NA;NA;NA;NA;NA;NA;NA;NA;NA
"437";NA;NA;NA;NA;NA;NA;NA;NA;NA;NA
"437.5";NA;NA;NA;NA;NA;NA;NA;NA;NA;NA
"438";NA;NA;NA;NA;NA;NA;NA;NA;NA;NA
"438.5";NA;NA;NA;NA;NA;NA;NA;NA;NA;NA
"439";NA;NA;NA;NA;NA;NA;NA;NA;NA;NA
"439.5";NA;NA;NA;NA;NA;NA;NA;NA;NA;NA
"440";NA;NA;NA;NA;NA;NA;NA;NA;NA;NA
"440.5";NA;NA;NA;NA;NA;NA;NA;NA;NA;NA
"441";NA;NA;NA;NA;NA;NA;NA;NA;NA;NA
"441.5";NA;NA;NA;NA;NA;NA;NA;NA;NA;NA
"442";NA;NA;NA;NA;NA;NA;NA;NA;NA;NA
"442.5";NA;NA;NA;NA;NA;NA;NA;NA;NA;NA
"443";NA;NA;NA;NA;NA;NA;NA;NA;NA;NA
"443.5";NA;NA;NA;NA;NA;NA;NA;NA;NA;NA
"444";NA;NA;NA;NA;NA;NA;NA;NA;NA;NA
"444.5";NA;NA;NA;NA;NA;NA;NA;NA;NA;NA
"445";NA;NA;NA;NA;NA;NA;NA;NA;NA;NA
"445.5";NA;NA;NA;NA;NA;NA;NA;NA;NA;NA
"446";NA;NA;NA;NA;NA;NA;NA;NA;NA;NA
"446.5";NA;NA;NA;NA;NA;NA;NA;NA;NA;NA
"447";NA;NA;NA;NA;NA;NA;NA;NA;NA;NA
"447.5";NA;NA;NA;NA;NA;NA;NA;NA;NA;NA
"448";NA;NA;NA;NA;NA;NA;NA;NA;NA;NA
"448.5";NA;NA;NA;NA;NA;NA;NA;NA;NA;NA
"449";NA;NA;NA;NA;NA;NA;NA;NA;NA;NA
"449.5";NA;NA;NA;NA;NA;NA;NA;NA;NA;NA
"450";NA;NA;NA;NA;NA;NA;NA;NA;NA;NA
"450.5";NA;NA;NA;NA;NA;NA;NA;NA;NA;NA
"451";NA;NA;NA;NA;NA;NA;NA;NA;NA;NA
"451.5";NA;NA;NA;NA;NA;NA;NA;NA;NA;NA
"452";NA;NA;NA;NA;NA;NA;NA;NA;NA;NA
"452.5";NA;NA;NA;NA;NA;NA;NA;NA;NA;NA
"453";NA;NA;NA;NA;NA;NA;NA;NA;NA;NA
"453.5";NA;NA;NA;NA;NA;NA;NA;NA;NA;NA
"454";NA;NA;NA;NA;NA;NA;NA;NA;NA;NA
"454.5";NA;NA;NA;NA;NA;NA;NA;NA;NA;NA
"455";NA;NA;NA;NA;NA;NA;NA;NA;NA;NA
"455.5";NA;NA;NA;NA;NA;NA;NA;NA;NA;NA
"456";NA;NA;NA;NA;NA;NA;NA;NA;NA;NA
"456.5";NA;NA;NA;NA;NA;NA;NA;NA;NA;NA
"457";NA;NA;NA;NA;NA;NA;NA;NA;NA;NA
"457.5";NA;NA;NA;NA;NA;NA;NA;NA;NA;NA
"458";NA;NA;NA;NA;NA;NA;NA;NA;NA;NA
"458.5";NA;NA;NA;NA;NA;NA;NA;NA;NA;NA
"459";NA;NA;NA;NA;NA;NA;NA;NA;NA;NA
"459.5";NA;NA;NA;NA;NA;NA;NA;NA;NA;NA
"460";NA;NA;NA;NA;NA;NA;NA;NA;NA;NA
"460.5";NA;NA;NA;NA;NA;NA;NA;NA;NA;NA
"461";NA;NA;NA;NA;NA;NA;NA;NA;NA;NA
"461.5";NA;NA;NA;NA;NA;NA;NA;NA;NA;NA
"462";NA;NA;NA;NA;NA;NA;NA;NA;NA;NA
"462.5";NA;NA;NA;NA;NA;NA;NA;NA;NA;NA
"463";NA;NA;NA;NA;NA;NA;NA;NA;NA;NA
"463.5";NA;NA;NA;NA;NA;NA;NA;NA;NA;NA
"464";NA;NA;NA;NA;NA;NA;NA;NA;NA;NA
"464.5";NA;NA;NA;NA;NA;NA;NA;NA;NA;NA
"465";NA;NA;NA;NA;NA;NA;NA;NA;NA;NA
"465.5";NA;NA;NA;NA;NA;NA;NA;NA;NA;NA
"466";NA;NA;NA;NA;NA;NA;NA;NA;NA;NA
"466.5";NA;NA;NA;NA;NA;NA;NA;NA;NA;NA
"467";NA;NA;NA;NA;NA;NA;NA;NA;NA;NA
"467.5";NA;NA;NA;NA;NA;NA;NA;NA;NA;NA
"468";NA;NA;NA;NA;NA;NA;NA;NA;NA;NA
"468.5";NA;NA;NA;NA;NA;NA;NA;NA;NA;NA
"469";NA;NA;NA;NA;NA;NA;NA;NA;NA;NA
"469.5";NA;NA;NA;NA;NA;NA;NA;NA;NA;NA
"470";NA;NA;NA;NA;NA;NA;NA;NA;NA;NA
"470.5";NA;NA;NA;NA;NA;NA;NA;NA;NA;NA
"471";NA;NA;NA;NA;NA;NA;NA;NA;NA;NA
"471.5";NA;NA;NA;NA;NA;NA;NA;NA;NA;NA
"472";NA;NA;NA;NA;NA;NA;NA;NA;NA;NA
"472.5";NA;NA;NA;NA;NA;NA;NA;NA;NA;NA
"473";NA;NA;NA;NA;NA;NA;NA;NA;NA;NA
"473.5";NA;NA;NA;NA;NA;NA;NA;NA;NA;NA
"474";NA;NA;NA;NA;NA;NA;NA;NA;NA;NA
"474.5";NA;NA;NA;NA;NA;NA;NA;NA;NA;NA
"475";NA;NA;NA;NA;NA;NA;NA;NA;NA;NA
"475.5";NA;NA;NA;NA;NA;NA;NA;NA;NA;NA
"476";NA;NA;NA;NA;NA;NA;NA;NA;NA;NA
"476.5";NA;NA;NA;NA;NA;NA;NA;NA;NA;NA
"477";NA;NA;NA;NA;NA;NA;NA;NA;NA;NA
"477.5";NA;NA;NA;NA;NA;NA;NA;NA;NA;NA
"478";NA;NA;NA;NA;NA;NA;NA;NA;NA;NA
"478.5";NA;NA;NA;NA;NA;NA;NA;NA;NA;NA
"479";NA;NA;NA;NA;NA;NA;NA;NA;NA;NA
"479.5";NA;NA;NA;NA;NA;NA;NA;NA;NA;NA
"480";NA;NA;NA;NA;NA;NA;NA;NA;NA;NA
"480.5";NA;NA;NA;NA;NA;NA;NA;NA;NA;NA
"481";NA;NA;NA;NA;NA;NA;NA;NA;NA;NA
"481.5";NA;NA;NA;NA;NA;NA;NA;NA;NA;NA
"482";NA;NA;NA;NA;NA;NA;NA;NA;NA;NA
"482.5";NA;NA;NA;NA;NA;NA;NA;NA;NA;NA
"483";NA;NA;NA;NA;NA;NA;NA;NA;NA;NA
"483.5";NA;NA;NA;NA;NA;NA;NA;NA;NA;NA
"484";NA;NA;NA;NA;NA;NA;NA;NA;NA;NA
"484.5";NA;NA;NA;NA;NA;NA;NA;NA;NA;NA
"485";NA;NA;NA;NA;NA;NA;NA;NA;NA;NA
"485.5";NA;NA;NA;NA;NA;NA;NA;NA;NA;NA
"486";NA;NA;NA;NA;NA;NA;NA;NA;NA;NA
"486.5";NA;NA;NA;NA;NA;NA;NA;NA;NA;NA
"487";NA;NA;NA;NA;NA;NA;NA;NA;NA;NA
"487.5";NA;NA;NA;NA;NA;NA;NA;NA;NA;NA
"488";NA;NA;NA;NA;NA;NA;NA;NA;NA;NA
"488.5";NA;NA;NA;NA;NA;NA;NA;NA;NA;NA
"489";NA;NA;NA;NA;NA;NA;NA;NA;NA;NA
"489.5";NA;NA;NA;NA;NA;NA;NA;NA;NA;NA
"490";NA;NA;NA;NA;NA;NA;NA;NA;NA;NA
"490.5";NA;NA;NA;NA;NA;NA;NA;NA;NA;NA
"491";NA;NA;NA;NA;NA;NA;NA;NA;NA;NA
"491.5";NA;NA;NA;NA;NA;NA;NA;NA;NA;NA
"492";NA;NA;NA;NA;NA;NA;NA;NA;NA;NA
"492.5";NA;NA;NA;NA;NA;NA;NA;NA;NA;NA
"493";NA;NA;NA;NA;NA;NA;NA;NA;NA;NA
"493.5";NA;NA;NA;NA;NA;NA;NA;NA;NA;NA
"494";NA;NA;NA;NA;NA;NA;NA;NA;NA;NA
"494.5";NA;NA;NA;NA;NA;NA;NA;NA;NA;NA
"495";NA;NA;NA;NA;NA;NA;NA;NA;NA;NA
"495.5";NA;NA;NA;NA;NA;NA;NA;NA;NA;NA
"496";NA;NA;NA;NA;NA;NA;NA;NA;NA;NA
"496.5";NA;NA;NA;NA;NA;NA;NA;NA;NA;NA
"497";NA;NA;NA;NA;NA;NA;NA;NA;NA;NA
"497.5";NA;NA;NA;NA;NA;NA;NA;NA;NA;NA
"498";NA;NA;NA;NA;NA;NA;NA;NA;NA;NA
"498.5";NA;NA;NA;NA;NA;NA;NA;NA;NA;NA
"499";NA;NA;NA;NA;NA;NA;NA;NA;NA;NA
"499.5";NA;NA;NA;NA;NA;NA;NA;NA;NA;NA
"500";NA;NA;NA;NA;NA;NA;NA;NA;NA;NA
