"wavelength";"S1";"S2";"S3";"S4";"S5";"S6";"S7";"S8";"S9";"S10"
"190";-0,829320503408576;-0,689168295303801;-0,54718694047454;-0,38553510988767;-0,263197823315385;-0,0575185270926222;0,110476143346735;0,16648700291748;0,479425581875005;0,267917724112171
"190.5";-0,788526338449097;-0,6439082540771;-0,455287729656698;-0,340749611726082;-0,206524464901725;-0,0678196568123703;0,0416006280374903;0,203020373585979;0,223144401702454;0,301309789621433
"191";-0,79949139568601;-0,673674529814532;-0,524352167811774;-0,389170956327368;-0,253642111848481;-0,0498981015712256;0,0731015843522839;0,213494240284045;0,263735261496078;0,357757724934649
"191.5";-0,77918111476127;-0,635615585139518;-0,485998094657504;-0,336885790222501;-0,209281051171247;-0,0274172927595621;0,0283389169804382;0,140807518445252;0,270838421990352;0,340093093417622
"192";-0,750131353791127;-0,619296257996883;-0,467983595221979;-0,34048028517518;-0,185286015166099;-0,0502206328532968;0,0326083951725165;0,199446775702762;0,227794266049365;0,291137638432079
"192.5";-0,757848288763843;-0,626991273690144;-0,468032839184574;-0,352299456793202;-0,225935803307297;-0,023403917062;0,0689799570662465;0,144736739411586;0,247716605704587;0,332021325115681
"193";-0,807220891881287;-0,644285165480222;-0,498318327047259;-0,333517413879748;-0,190887100932933;-0,0840870932325214;0,0544565756582616;0,145125967225503;0,268991863050557;0,33498485689695
"193.5";-0,823290279433111;-0,666875418083232;-0,508131412931698;-0,360459457137076;-0,224563079404732;-0,0765341457411289;0,0447403537902891;0,16056067124723;0,25758423560708;0,383974161091903
"194";-0,778063533758904;-0,636819510532914;-0,493393457414039;-0,355935930680299;-0,216698551210747;-0,0903198752893226;0,07306809422194;0,174735310842012;0,273640878285786;0,328143576811948
"194.5";-0,801757794473531;-0,651433831630884;-0,50591654377098;-0,366306506732775;-0,20951486081371;-0,0791417721815997;0,0440023458290897;0,159827206547447;0,273796625901016;0,372110229012992
"195";-0,811275977960763;-0,663569666223753;-0,500526217261623;-0,369912957357785;-0,234082446804045;-0,0767045590503118;0,0544520805045599;0,150766071114192;0,315430502266887;0,349989847012572
"195.5";-0,806815183813333;-0,662841450101451;-0,499953202248121;-0,348821161898466;-0,223780007338033;-0,07223458163653;0,0492310152450422;0,155085646005507;0,271439784204519;0,346972387306986
"196";-0,775772576520274;-0,627407840901186;-0,442047223490375;-0,358255561396642;-0,223892557788366;-0,0938999181017839;0,0436028676460524;0,13974596081494;0,288633584154979;0,35096950791074
"196.5";-0,790082195534347;-0,637062849659954;-0,487445482055142;-0,33456962678741;-0,204188434328127;-0,0821273485082764;0,0823714418986497;0,137113814219713;0,26121328177055;0,332641253137974
"197";-0,811228094624478;-0,650204728260596;-0,504842308003318;-0,340430484267954;-0,218973860852639;-0,0800356335109555;0,0587194346200211;0,137917739428194;0,264332921650146;0,363887652117233
"197.5";-0,823440929508333;-0,652339957634658;-0,506817023129337;-0,366147105173491;-0,222698844927199;-0,0876360866316055;0,0579211091577043;0,168629049456307;0,261054884296001;0,365527296389857
"198";-0,826817584418749;-0,672051862910498;-0,514629333865716;-0,386665384802592;-0,227620247808162;-0,0579621455049048;0,0380720053598924;0,183480110100958;0,248118474387961;0,383816221236699
"198.5";-0,813698814141658;-0,662516492401829;-0,50439687283021;-0,37086842579213;-0,197813815163942;-0,0968891635073315;0,0889782261591067;0,150461005260301;0,254465830887608;0,348463526348023
"199";-0,804102921984273;-0,657415833426235;-0,505733198280801;-0,36355217908998;-0,219082589569966;-0,0750991896657255;0,0629512987144164;0,161104382360403;0,265804290063047;0,351181772845491
"199.5";-0,805157570312217;-0,651240293900382;-0,502916832855241;-0,352802514604854;-0,21354282465395;-0,0689493226708643;0,0454896251347128;0,183378221255789;0,268039964814391;0,339891425531175
"200";-0,797180273000807;-0,648608081564645;-0,496960131461263;-0,359681568205822;-0,19740254533776;-0,0741162170862497;0,0459709833202983;0,154960818970522;0,250830851341039;0,359640848622192
"200.5";-0,799139774745753;-0,644445661759442;-0,500653492450309;-0,349836510043369;-0,214921647814963;-0,0499273819309967;0,0724596845178319;0,149327542552037;0,251829456195071;0,331559310555451
"201";-0,803874790481132;-0,655973350970149;-0,504785085408599;-0,359467348476111;-0,21473394880733;-0,0591591568747906;0,0451130912549123;0,165079774061953;0,251970316530043;0,365550104067653
"201.5";-0,795000053227259;-0,634886057151023;-0,491451054699922;-0,347798516954423;-0,20694563493535;-0,0600039415236528;0,0513556068944408;0,171949898291616;0,242898830341219;0,332443692868571
"202";-0,807411775148877;-0,653904435154759;-0,497663446219721;-0,354172951419452;-0,218866980234018;-0,0739782509482284;0,0555431793049543;0,162930333420916;0,262830780909307;0,341353157952448
"202.5";-0,814459419758665;-0,648395902449424;-0,506596616803328;-0,3478209969312;-0,213938027972502;-0,0690762169233812;0,0510642319372532;0,162517359068553;0,267868522673516;0,341096239388831
"203";-0,788635770942659;-0,642067328632773;-0,496899258873245;-0,352535394575431;-0,195497858218918;-0,0785308377746337;0,0626223290787351;0,162010546341802;0,255685654990116;0,33044661306665
"203.5";-0,802786019448641;-0,647648247691293;-0,493148019045622;-0,347353849385781;-0,204883692763265;-0,0630295877680948;0,054213065005357;0,160057741228252;0,266967089644026;0,32605874462994
"204";-0,769740826516176;-0,627546951090842;-0,473756530089225;-0,340771278430775;-0,202138486509719;-0,068333836469488;0,0516968626050114;0,152500900566714;0,272553119227619;0,315888815886462
"204.5";-0,785658909719685;-0,639824879888852;-0,490075797896538;-0,347393187096459;-0,215329488982165;-0,0811661541268277;0,0613439812025381;0,159546113503465;0,261456179306971;0,33898826919858
"205";-0,777622279084478;-0,634455687867838;-0,489540517454199;-0,347574732809449;-0,220532183138179;-0,079161061702755;0,0384419464235579;0,148837343954733;0,262434215550023;0,362980904455589
"205.5";-0,780552771901035;-0,62682641837449;-0,484978455691513;-0,330172506297978;-0,206004514665163;-0,0721039343227403;0,05126407475633;0,153422364451332;0,260156740066601;0,326217639749757
"206";-0,789948345186851;-0,639024362454168;-0,482586813763759;-0,339315982688452;-0,203038025214784;-0,0657940989183623;0,0508513036495266;0,154812816286003;0,250783421709722;0,337986584474621
"206.5";-0,773868179306673;-0,626597178874082;-0,483743030577637;-0,341283414701449;-0,201730957071847;-0,0641618827217378;0,0512552685905708;0,14906846188193;0,253794125800209;0,334054387597416
"207";-0,780309162756641;-0,634771287462002;-0,484586946416851;-0,350009815677621;-0,200264164998331;-0,0729746965438129;0,0494253849240981;0,168045466693812;0,246678103511559;0,3360889076676
"207.5";-0,760028685650994;-0,618744159073176;-0,4713309196725;-0,335229803066163;-0,201359625089865;-0,074558742191654;0,048249806753865;0,15580295771729;0,253567785165921;0,322949751009275
"208";-0,760821626293496;-0,617964896908464;-0,476870645579896;-0,337698659463244;-0,204685868161867;-0,0685092798727715;0,0457860626973556;0,163493397419548;0,241934492837427;0,336462588681067
"208.5";-0,756296306269713;-0,61827993554105;-0,473704698929586;-0,325493078928042;-0,205365849543243;-0,0727609022080631;0,0526586118741645;0,152156001456384;0,240707583389143;0,334643961170716
"209";-0,724281552214774;-0,58895086935268;-0,448985191875171;-0,327640584555376;-0,192803632004626;-0,0770289918316475;0,055286304651853;0,139796040025544;0,249649551154734;0,310647811736862
"209.5";-0,678362240187945;-0,552980707466401;-0,413825395302601;-0,308859740420991;-0,183760505367339;-0,0765765852908076;0,0415425241826362;0,134170773500816;0,226261024162606;0,291869610198716
"210";-0,616496843719736;-0,501070612927675;-0,374461952393221;-0,286195946365873;-0,155584024337536;-0,0709173849062413;0,0521329043980638;0,103049256792626;0,19644138941185;0,256850372674394
"210.5";-0,568036326996716;-0,431535959877914;-0,327884070834521;-0,23791468338475;-0,170129935380921;-0,0699229292037881;0,0227591947220751;0,104234012976472;0,166272686366431;0,234767330851305
"211";-0,499517589633992;-0,374876091006469;-0,280296543855752;-0,196539375809475;-0,121617591658516;-0,0418237896062668;0,0176698627248121;0,0732579969122826;0,130967670500489;0,177882252905566
"211.5";-0,426669395162501;-0,317580133406932;-0,231542521245009;-0,153591762530806;-0,0837927941348626;-0,029048084640269;-0,000542816880151125;0,054539904443003;0,0707880968649915;0,175044158161977
"212";-0,39601393846581;-0,291713298308736;-0,21550838044812;-0,147429747067834;-0,0841588031738791;-0,0279885972107161;0,0162528426721159;0,0765301443076446;0,0986062804748102;0,099650800390362
"212.5";-0,320607272303364;-0,227659811662459;-0,163717849867398;-0,105855647836522;-0,0565101082509902;-0,0119557716884957;0,0289298562209584;0,0647048211195051;0,0543583754550108;0,0607105361466736
"213";-0,313720055124183;-0,223609152937851;-0,160551051396804;-0,10732356213076;-0,062821321642246;-0,0140898270919719;0,0212217374315113;0,049224540368027;0,061891266535755;0,0734436494745628
"213.5";-0,273512076833162;-0,189870278107741;-0,132745138376554;-0,0888653801509777;-0,0525962054876711;-0,0126263426851055;0,0228883829333893;0,0349016333490947;0,0469003824228311;0,0649625071076418
"214";-0,254745826576649;-0,173313446120777;-0,12140763430921;-0,0811676019791187;-0,0484901784196521;-0,0136151199802475;0,0147684085217758;0,0329469167863036;0,0506095685357166;0,0551087994956789
"214.5";-0,230713474220848;-0,152051884698388;-0,107526941329991;-0,0700789152258603;-0,043360743308917;-0,0120272320341112;0,0106380923096957;0,0298995426669935;0,0379936068903496;0,0532637304730017
"215";-0,216288543332682;-0,138062923966917;-0,0939411483894909;-0,0611589560643188;-0,0387983104609149;-0,0103059344631395;0,0101933136463923;0,0263896328591553;0,0306266658220877;0,0475269863987251
"215.5";-0,195801225041404;-0,119753390512737;-0,0802906984308334;-0,053571594649405;-0,0352091180517161;-0,00898396751203122;0,00801049629754434;0,0200116116097214;0,0291805221547416;0,0410431071030099
"216";-0,179476882107841;-0,103898527325633;-0,0691274719749072;-0,0466504936144754;-0,0304577990053207;-0,00615257924678233;0,0062511414619971;0,0173344833180853;0,0202190516860003;0,038625718946853
"216.5";-0,16404280769638;-0,0900196083809779;-0,0583102756893493;-0,0395421420053245;-0,0267584848336405;-0,00554626304387131;0,00674333663064305;0,0132750145832837;0,0192703986240645;0,0310488261111346
"217";-0,14746750897969;-0,0752058825857541;-0,0471231807370137;-0,0319525798760997;-0,0228965637851766;-0,00456607682758115;0,00490426976812889;0,0114240225723546;0,0137699496061736;0,0273050656019586
"217.5";-0,135008554778313;-0,0637066975337653;-0,0395351946658038;-0,0264112615839191;-0,0202914744918353;-0,00513901151208433;0,00401004100766279;0,0089458081268473;0,0121610951086249;0,0239403555796816
"218";-0,123420759614184;-0,0535291542957082;-0,0321402082276988;-0,0228152663211324;-0,0178887074750862;-0,00348623797023162;0,00344772731663624;0,00640043521704101;0,00858206529362196;0,0222881432135756
"218.5";-0,112291257877715;-0,0443025624086851;-0,0251194332312976;-0,017909553023647;-0,0148127513223824;-0,00272458300929095;0,00249841723755164;0,00436610065185236;0,00633501180308651;0,0195449285264025
"219";-0,101944680669348;-0,035563971819168;-0,0193337126561609;-0,0147366800713453;-0,0143722575320283;-0,00231757515232086;0,00131156248884986;0,00406904502709782;0,00508448725562769;0,0171861616075601
"219.5";-0,0919336317382649;-0,0279591860640919;-0,0137113214974604;-0,0109011603396817;-0,0126044984597817;-0,00099409991031021;0,00113740103619424;0,00310792109881546;0,00208050021810599;0,0152950655614421
"220";-0,0845059067192282;-0,0209651991866204;-0,00960159550598845;-0,00857110697275023;-0,0111767410152349;-0,000628947977128122;-2,45162095761335e-05;0,00115217960814946;0,0023708136476041;0,0136438543740362
"220.5";-0,0771362961972662;-0,0168002125832973;-0,00590016623318768;-0,00664558264506337;-0,0106967453732458;-0,000649478946498027;0,000409378664508327;0,00067383317594716;0,00148070236629353;0,0120580509887309
"221";-0,0715196841446108;-0,0117104570764682;-0,00324764062730499;-0,00463958014563949;-0,00981506190814511;-0,000526245523196769;-0,000683150698299063;0,000966652112722348;-0,00141488652463416;0,01270845164464
"221.5";-0,065347814017352;-0,00758532569381641;-0,000405605575611313;-0,00283238206212106;-0,0082594569568348;0,000962475965864873;-0,000332313765048657;-2,90353117597518e-05;-0,0014387208169564;0,00985764903773253
"222";-0,0609294837937225;-0,00477720086208792;0,00172922641642722;-0,0018914682533112;-0,00766810886492643;0,000286887770142394;-8,83146068684056e-05;-0,00027713939611229;-0,00256889443165761;0,00976891802647893
"222.5";-0,0567050592274973;-0,00331076921898544;0,00253262180858345;-0,000907571592886612;-0,00714345651132004;0,00108619671712809;-9,77325431684554e-05;-0,00179758591521881;-0,00275532328971246;0,00966246968774377
"223";-0,0519036390607908;-0,00148697360159243;0,00433938933508842;-0,000424358259554285;-0,00650244686762168;0,000845657038117122;-0,000579782535742321;-0,0013980818675619;-0,00246316647631588;0,00828644682074758
"223.5";-0,0494115179905567;-0,000156282304179566;0,00496821118981772;0,000385250493599092;-0,00554361359351304;0,00146675416287861;-0,000756179609296229;-0,00306742146991758;-0,00318334163384262;0,00900663729927647
"224";-0,0467663202851586;0,00124976476909471;0,00563444786160122;0,000537455716661602;-0,00518465217371616;0,000959121075553597;-0,000951852888346134;-0,00236242302125666;-0,00390105304784725;0,00888421784832081
"224.5";-0,0431620499204543;0,00165663289566967;0,00604574407799618;0,00103566970871594;-0,00519852689669425;0,000583759565828466;-0,00108093436085887;-0,0025847916052181;-0,00280146309560251;0,00788360707702085
"225";-0,0411668355538939;0,00254949009192086;0,00635383361993005;0,00162671317227944;-0,00496624791058391;0,00113187602292413;-0,000749253169106257;-0,00276355550593979;-0,00339161483377411;0,00749109716096502
"225.5";-0,0384060526786981;0,00399051498935475;0,0070417185561964;0,00180212322664955;-0,00397587174635717;0,00121321927448477;-0,0008810115026561;-0,00290328934571056;-0,00393017355296482;0,00718672738222686
"226";-0,0361413597276251;0,00404234878857978;0,00715456819326425;0,002054117929866;-0,00418803236517787;0,00177951300106121;-0,00166342354088686;-0,00274796446822978;-0,00379914714592444;0,00703001792236792
"226.5";-0,0349450061253559;0,00382436207172876;0,00691390150978562;0,00189574648418816;-0,0036493722467227;0,0013203149068907;-0,00136789846762646;-0,00304107003425617;-0,00407561665853473;0,00741600493941815
"227";-0,0333395347399992;0,00326662397945795;0,00643001600443476;0,00157606285461412;-0,00320670946528076;0,000813657725767963;-0,00159296113140441;-0,00330981884017021;-0,00384444363439812;0,00786697422853931
"227.5";-0,0327944275424963;0,00337009197095318;0,00654170688708366;0,00179004961575302;-0,00347512243536115;0,000760250964330036;-0,00191453765427832;-0,00415570291397112;-0,00323469206090708;0,00824021488155228
"228";-0,0309131417534206;0,00297408684571866;0,00678079723529095;0,00199458115921669;-0,00326135536065148;0,00106915575663532;-0,00145418885718451;-0,0033400915631751;-0,00338177828010596;0,00696440049689949
"228.5";-0,0296526662145963;0,00294274390923394;0,00670927301033024;0,0019946836177507;-0,00257067614917716;0,00132781527690965;-0,00150573459730704;-0,00296287077415846;-0,00391626285412414;0,00669029435299335
"229";-0,0290547337143219;0,00241603993413304;0,00625390552313378;0,00170246353734287;-0,00268615662300521;0,00145650968309521;-0,0010902489623736;-0,0035442856829222;-0,00388291175411946;0,00707268985289469
"229.5";-0,0282353344657596;0,00279976898546371;0,00582593858815061;0,00135259815490515;-0,00293087162080884;0,00139369946567526;-0,000921488235949992;-0,00344266475226506;-0,00279313949109782;0,00613951794100721
"230";-0,0278350763479106;0,00161923754224152;0,0057585681252665;0,00102365366726494;-0,00223771843589021;0,000864706881589516;-0,00138719972103161;-0,00309872063613976;-0,00298630833650155;0,00663795589626633
"230.5";-0,0269798782037166;0,00167226081395381;0,00538981406414578;0,00105928003460596;-0,00240705277685758;0,00120094621339058;-0,00157465581509716;-0,00348319485151718;-0,00340769684419246;0,00738540552430602
"231";-0,025341193575836;0,00245819458121824;0,00568583911321572;0,00169254963339946;-0,00143550766638206;0,00147815382909558;-0,000772363465465305;-0,00293800127283481;-0,00390125228577885;0,00573655246568518
"231.5";-0,0259394041729982;0,000837026318717068;0,00482690157148019;0,000925161900460118;-0,00207860139418762;0,00105011611768822;-0,00146597685235564;-0,00313751032482851;-0,00305296793119307;0,00691107521657382
"232";-0,0259724421781847;9,61615427107327e-05;0,00440924757904827;0,000885083856783871;-0,00174022386535934;0,000726274908446982;-0,00123112883553904;-0,00313703293215362;-0,00311735605614471;0,00709087363755614
"232.5";-0,0260314433266332;-0,000647219530206559;0,00398160868184746;0,000181831562888704;-0,0020234902317841;0,00151494807830101;-0,00155509553351833;-0,00214661974665384;-0,00321179206282844;0,00677195166043271
"233";-0,0275574238841467;-0,00177486274160771;0,00272994318166546;-0,000432985920174994;-0,00203128442787433;0,0010370731432768;-0,00076205238362825;-0,00352390860187127;-0,00251309155085169;0,0078211780079077
"233.5";-0,0273261573483338;-0,0020500497905977;0,00287535121175405;0,000159912875982634;-0,00219814052701979;0,0014761301565652;-0,00079314853613289;-0,00268874491394993;-0,002701662956021;0,00697051609212592
"234";-0,0267987005697236;-0,0023412110854046;0,0027243946510573;0,000225746432134221;-0,00187922979137002;0,00102568697489078;-0,000762472880875433;-0,00244646068873958;-0,00309819268583696;0,00728788718520404
"234.5";-0,0278051756253022;-0,00373551819524612;0,00184873384526494;-0,00010574997708162;-0,00167124472140657;0,00128323722142279;-0,000936177113414067;-0,00221303128586511;-0,00284251811068035;0,00741673840600023
"235";-0,0266873468915541;-0,00325637125861631;0,00187975284551958;-0,000385396301768767;-0,00216083118942267;0,00133098835128366;-0,000882252686551929;-0,00186133104993002;-0,00358961733112479;0,00795548478064483
"235.5";-0,0281790697860833;-0,0047864867872841;0,00114416917865308;-0,0010026136773983;-0,00200782178186623;0,000545791787871122;-0,000791503142791166;-0,00180072049010467;-0,00243034767932931;0,00798524977348702
"236";-0,0296714235529786;-0,00702297367957214;-0,000249964904668134;-0,00156846298289812;-0,00301255168097228;0,000451903333104897;-0,00055049966231122;-0,00154208477854924;-0,00201857549045898;0,00887675797050212
"236.5";-0,02700515185136;-0,00450998514636274;0,00150609397572963;-0,000424342604956431;-0,00172516865490093;0,000850909923011453;-0,000884173435128747;-0,00168845234087677;-0,00288313737159645;0,00769872402346316
"237";-0,028990372855196;-0,00631682717734964;-3,66699632722891e-05;-0,0016705019284296;-0,00265214862675421;0,00033558206759658;-0,000396708581723862;-0,00114254655586113;-0,00217096226255778;0,00839007499788606
"237.5";-0,0303171501137588;-0,00782170200654034;-0,000945974057089985;-0,00266696097636355;-0,00242487122142268;0,000578583802899555;-0,00010329862500975;-0,0011709615322998;-0,00134452701238944;0,00821153391857975
"238";-0,0299610685235742;-0,00827856461412977;-0,00139776330058389;-0,00239769688515462;-0,00270621393576916;0,000533014260516886;-0,00104104781338778;-0,000440569298384018;-0,00164150611018895;0,008851374477748
"238.5";-0,0305370319545859;-0,00918251826151715;-0,00185797248403425;-0,00241777481213389;-0,00355542747473543;0,000261688042983612;-0,000745053034788974;3,77730362314717e-05;-0,00146056736523616;0,00904898042996136
"239";-0,0315822110584443;-0,0103700091837194;-0,0024342459051094;-0,00375467388812484;-0,00361607738304616;0,000876231927600209;-0,000675711224766082;-0,00018850925501954;-0,000789766746096348;0,00924205152793889
"239.5";-0,0311984417004775;-0,0102326270141619;-0,00180305789551474;-0,00334324497372183;-0,00335381971253321;0,000493340820306651;-0,000438279921098536;0,000255984021051922;-0,00119521287671206;0,00884113497642204
"240";-0,03335394831407;-0,011870604141894;-0,00365519510828477;-0,00402656131641775;-0,00359069898376768;0,000116757460534031;-0,000338620976590886;0,000344322753891249;-0,000527756015331087;0,0097212094807541
"240.5";-0,032973198070791;-0,0115120398557546;-0,003329438898387;-0,00373236612498228;-0,00328108722487008;0,000545391831854032;-0,000395064870075258;2,47001576311545e-05;-0,00046287055893226;0,00929478531693863
"241";-0,0340362397619469;-0,0119757708848939;-0,00397376442832391;-0,00386678830911466;-0,00358255823813384;0,000804651652542839;-0,00024135742039904;0,000204287420798928;-0,000797787608711139;0,00978122232635268
"241.5";-0,0346573478902593;-0,0127267365347262;-0,00415865628679675;-0,00424314263844992;-0,00344012973226233;0,000863460660139588;-0,000274303823972181;0,000812386882164987;-0,000725438458857212;0,00954848739928471
"242";-0,032633641307088;-0,0118886848299114;-0,00305260336268338;-0,00362557941081292;-0,00391257086076051;0,000769247700568059;-0,000655503992886558;0,00031904971932561;-0,000128150078160445;0,00911340597687233
"242.5";-0,0336859636223785;-0,0126020855325546;-0,00425094481393835;-0,00390093831883119;-0,00400666418305646;0,000254656433828534;-0,000326198323310498;0,000906744338790657;-0,000478397329268443;0,00975707302444051
"243";-0,0335708659114301;-0,0122614347918764;-0,00378112410615378;-0,00336277437558085;-0,00408715050020414;0,000329509714525434;-0,000137152924268548;0,000667126148674654;-0,000528708773875086;0,00945383141860113
"243.5";-0,0340349732709525;-0,0121806900679411;-0,00404446994216878;-0,00400824155625896;-0,00369682648211233;0,000406960484630549;-0,00038877808317574;0,000791677534360022;-6,17637698729717e-05;0,00920747003036205
"244";-0,033481396099598;-0,0125754865379755;-0,00318998675127919;-0,00353702241768186;-0,00357735039757393;0,000239417671989349;-0,000222531410650767;0,000676507526980537;-0,000475073235037656;0,0091995857632542
"244.5";-0,0332831811850173;-0,0123344759132778;-0,0038173501156846;-0,00358760863725573;-0,00380284668150906;0,00058304547488724;-0,000717364380681284;0,000707668420214343;-0,000591095056973129;0,00966089013764777
"245";-0,0324785586987786;-0,010761600139964;-0,00323910034040062;-0,00328079655010555;-0,0037513867759092;0,000448596597778022;-0,000419246268006933;0,000162295975831369;-9,35863645888375e-05;0,00882872737963635
"245.5";-0,033501585725405;-0,0119960247466356;-0,00328535875226127;-0,00309489587790133;-0,00409941011762452;0,000333789720535993;-0,000399184786580629;0,000275126843384906;5,47346570567257e-05;0,00905064538546416
"246";-0,0317940195125125;-0,0108460116048357;-0,00207003594384445;-0,00271146989312005;-0,00376121364057197;-2,18782723257482e-05;-0,000776751719016572;0,000541138768200369;-0,00037143480136594;0,00866247136651356
"246.5";-0,0322785878160348;-0,0112356532057194;-0,00258879819654462;-0,00350261752608141;-0,00408090146564724;0,000116922838855897;-0,000297803982857591;0,000621330419591679;-0,00072939148808928;0,00916886608911209
"247";-0,031882119627044;-0,0100742457303691;-0,00259922770299994;-0,00317564337806772;-0,00346111134500897;0,000312202609471137;-0,000585143188351175;0,000510249814053332;-0,00075021785308146;0,00864662537634316
"247.5";-0,0309923395425492;-0,00902753590659206;-0,00172133979151307;-0,00262071230908183;-0,00321530217817794;0,00029471722406283;-0,000937828858371258;-0,00020810461600416;-0,000570409843088326;0,00843621746141016
"248";-0,0318077832128077;-0,00912262712991584;-0,00148118415504741;-0,00226919433845485;-0,0035713435051581;2,71651524266312e-05;-0,00124444583019856;0,000705100301749413;-0,000615006261417637;0,00810215180483796
"248.5";-0,0298389826532489;-0,00764738143221488;-0,000876667034040815;-0,00182630651874806;-0,00330818275978242;0,000918581178714587;-0,000621497567410789;-0,000365695632738356;-0,00133763567926472;0,00771801298293507
"249";-0,0299454299882421;-0,00697389004162671;0,000115142983807246;-0,00160106187357753;-0,00300951372768783;0,000544183916612664;-0,00100995200001937;-0,000177731931038077;-0,00138524285781643;0,0074393223087408
"249.5";-0,0301797595768542;-0,00692776595845688;0,000864875937545445;-0,0013423622379319;-0,00322267308007127;0,000690950701785118;-0,000683557077049168;-0,000542350674207968;-0,00181893671833704;0,00756191484596389
"250";-0,0296685435630294;-0,00621350051692206;0,00128527936147934;-0,000578620304318298;-0,00301520698780949;0,00122419942982523;-0,000754798275182344;-0,000581450941570124;-0,00192296902413455;0,00670521122002457
"250.5";-0,0284931318647487;-0,00470702990588844;0,00252490334982267;-0,000787248488460252;-0,00200230709845617;0,000957158782380786;-0,000816584747821508;-0,00133950004165218;-0,00203182239435593;0,00648631159062961
"251";-0,0276022290139704;-0,00244046922704604;0,00347487013117396;0,000535927538859509;-0,00207868933145031;0,00127836190706079;-0,00105753106600669;-0,00150345286684482;-0,002918033231213;0,00624945098981812
"251.5";-0,027102871591338;-0,00230062234145712;0,00464916844681319;0,00135909576926165;-0,00247997820023011;0,00149395614909609;-0,00125345215288885;-0,00149348235038208;-0,00283180784209925;0,00566816216922549
"252";-0,0257770743342431;-0,000378806535194128;0,00639847572579389;0,00162230568276013;-0,00173007432814189;0,00190834642617622;-0,00132367253930089;-0,00214302185029431;-0,00336942339710446;0,00519978027045702
"252.5";-0,0253807402249339;0,000890923046767702;0,00660114955774692;0,00251843504559694;-0,00210092239995792;0,00135040008989007;-0,00142421431003689;-0,0027902592762636;-0,00314509622812695;0,0054649128652489
"253";-0,0253786640797088;0,00206665998305685;0,00791242014886603;0,00252485655919214;-0,00135039248945336;0,00195846217073923;-0,00114656708265556;-0,0029999970478237;-0,00386885889381644;0,00492215571977985
"253.5";-0,0235308668801243;0,00336324711300152;0,00899563049585178;0,00303067784445365;-0,00132116276301413;0,00165027883065722;-0,00107934502850178;-0,00277558854694698;-0,00432432585036425;0,00453895864304299
"254";-0,0241570422185896;0,00505494711215627;0,0105578296828323;0,00296023112225622;-0,00173226666861987;0,0019555223717324;-0,00118683718300266;-0,00342618109111713;-0,00475694966348064;0,00502255324880048
"254.5";-0,0215420150902796;0,00707811190874639;0,0109947300108841;0,00387898518500129;-0,00138316968809897;0,00289746440488592;-0,00169743177284789;-0,00372017088320026;-0,00490809616645471;0,00426067041194003
"255";-0,0213046351678075;0,00788388274470856;0,0112670391344473;0,0044997714274011;-0,00149746477783779;0,00230491951077037;-0,00111478166156387;-0,00391943817237818;-0,00504847530752201;0,00418342806937883
"255.5";-0,0215047558915722;0,00971562747437888;0,0123201447429045;0,00456258298221273;-0,00114953992216552;0,0030702412466951;-0,00109643867942588;-0,00468005825227482;-0,00489994757260554;0,00365921087336373
"256";-0,0203951342423983;0,00974475564254574;0,014433414245924;0,00546341226260698;-0,00117165878633007;0,0024469355577211;-0,00149892384899493;-0,00504583814505816;-0,00523134459615185;0,00413484169200361
"256.5";-0,020382841530751;0,0111897025124431;0,0145831897560955;0,00670757629655744;-0,000139579044281297;0,0035108149370602;-0,00153001500385833;-0,00522666944019905;-0,00550440137196925;0,00304115909742733
"257";-0,0209890066780508;0,0135049605568932;0,0166401150924158;0,0068941325724231;-0,000229749991114446;0,00338551364031983;-0,00184925629530816;-0,00577723516588231;-0,00537614669483988;0,00304486772780468
"257.5";-0,0220275008111948;0,0140417772933542;0,0171760132827405;0,00701879103986163;-0,000346359031958122;0,00329172782122713;-0,00209278911170641;-0,00530105651062439;-0,00588725676346816;0,00333011923647324
"258";-0,0203133257365656;0,0166231863526841;0,0191008044261323;0,00802155124977307;2,99154144445338e-05;0,0033924145945782;-0,00138927791392672;-0,00595799372790537;-0,00680556668767222;0,00308025739550379
"258.5";-0,021739549290011;0,0179044093496528;0,0195598122788029;0,00890516681065613;8,37185989117801e-05;0,00415725164096766;-0,00119959242464905;-0,00626868334238887;-0,00657829836687011;0,00228037541697328
"259";-0,0182476037927511;0,0210978801905516;0,0212461914726067;0,00917656489728504;0,000612552152571722;0,00398884506192702;-0,00102750628929876;-0,0058234015253253;-0,00756083228061303;0,00180633376194004
"259.5";-0,0177186889641341;0,0231813179758044;0,0232790129374516;0,0108628337002404;0,000846993811158682;0,00450218601774924;-0,0014394583090407;-0,00696745079831024;-0,00743983282125746;0,00154020000223571
"260";-0,0185008695393183;0,0242243982849655;0,0244756820447895;0,0103509287926162;0,00179056351879177;0,00449994043040915;-0,00124867623521184;-0,00658667356680162;-0,00766309401711145;0,000943517285274371
"260.5";-0,0162264840413965;0,0254179595651355;0,0236610255304981;0,0109490401041138;0,00220924696138924;0,00502504530776078;-0,00181136728818594;-0,00699784273800875;-0,00781311136217373;0,00120619959541673
"261";-0,0175367718078937;0,0276070802244627;0,0253235416378641;0,0120094785101385;0,00156365200284538;0,00574236739631275;-0,00119901293627363;-0,00738453308537161;-0,00797731410319679;0,000547876032600802
"261.5";-0,0164169025215067;0,0272049550962909;0,0266231029843912;0,0126498682139507;0,00180930366165704;0,00471764463116366;-0,00108356833887053;-0,00728028118691456;-0,00865720556904485;0,00112905922684129
"262";-0,0165576968367857;0,0276147014089688;0,0264940726004067;0,0119497900088973;0,00220918398651153;0,00496994438011359;-0,000986723932340502;-0,00721408129616176;-0,00844207585497123;0,00081965051636354
"262.5";-0,0195717116415682;0,0276678517242374;0,0259389162178353;0,0124922297143723;0,00218485609923403;0,00472089812300454;-0,00145383507915237;-0,00778042691437627;-0,00800759870466633;0,00142261809052671
"263";-0,0189250288467027;0,030636228898556;0,0275721891571728;0,0113491138113603;0,00206161822682239;0,00559387447163448;-0,000980291079036615;-0,00751603429304081;-0,00870980088535356;0,000981122012628375
"263.5";-0,0187590302320754;0,0308215065705327;0,0269395175249372;0,0117561854092372;0,00184924302103464;0,00512383270500992;-0,000506435914351707;-0,00723495533539538;-0,00842599075659499;0,000570415190733811
"264";-0,0197231705810106;0,0299775029124305;0,0275911544571934;0,0115311617429277;0,00110556155597593;0,00551790588645312;-0,000416804119590657;-0,00729224947921791;-0,00844552539073972;0,000786454786013526
"264.5";-0,0204940557769369;0,0312633723446573;0,0275404443140888;0,0122548590401145;0,000954588457751575;0,00491775970239327;-0,000168570295010542;-0,00731997309807514;-0,00853359816661937;0,000861894054764312
"265";-0,0216031263141483;0,0299065642351585;0,0276950637046631;0,0115405104054862;0,0012322114246827;0,00480639749850588;-0,000579490390739571;-0,00678132392001038;-0,00804378065251802;0,000583671467096384
"265.5";-0,0228074658140507;0,0309246277460075;0,0275170573580429;0,0122863140329917;0,00116158125087149;0,00566926501635123;-0,000210751938218837;-0,0066988623436142;-0,00906721017678043;0,000655244917184311
"266";-0,0233837500685574;0,0295715541255337;0,0275793230069627;0,0114147628056582;0,0012471342220476;0,00527098006836987;0,000248831456777423;-0,00654589633586568;-0,0090414409980687;0,000759632069343577
"266.5";-0,0225601805540259;0,0294347307713595;0,026479611302553;0,0114825318998779;0,000633751202259537;0,00567097566101599;0,00022689297589722;-0,00680186261420997;-0,00835523664180581;0,000539327527819177
"267";-0,0257266132523771;0,029073450830334;0,0255250828795722;0,011959773926749;0,000591172251285522;0,00537775183782302;-0,000249462068179557;-0,00622814566656362;-0,0088424810788792;0,00118915249730394
"267.5";-0,0260405990431735;0,0305174502367506;0,0257041073797566;0,0112837416130843;0,000927741187806737;0,00519958401156297;0,000432346672186028;-0,00588335902697657;-0,00868463593685547;0,000370405520703951
"268";-0,0261668619821786;0,0294870710805035;0,0262743376212862;0,011043177394173;0,0017513436650187;0,00554935922821655;0,000440199378188171;-0,00604924480689965;-0,00888669724808121;0,0002770407314783
"268.5";-0,0259315579370719;0,029033910779544;0,025270170260929;0,0115559810532394;0,00177135025615141;0,00527699277212676;-3,42979972302697e-05;-0,00661621706077284;-0,00842683079067336;0,000765703055042946
"269";-0,0258567549070464;0,0281042946331609;0,0260115886860189;0,0115430955716219;0,00126900667921252;0,00447710236497892;0,000252601318133677;-0,00649759034023344;-0,00834311248749091;0,000946260423678149
"269.5";-0,0273562636389571;0,0287918108891923;0,0259948908133603;0,011077845557177;0,00210919224671616;0,0049543339430799;-0,000781809189995316;-0,00640702868578742;-0,00829285569064787;0,00104648065149521
"270";-0,0275562793417114;0,027718997280519;0,0245297268238182;0,0112880167104901;0,00191969527958906;0,0045027164939461;-0,000130433948665084;-0,00593473629389577;-0,00789967689103854;0,000489937047503734
"270.5";-0,0290121116431056;0,0261892396130516;0,0231487815590505;0,0100514930712594;0,000793253690535841;0,00486643370272645;0,000165851744372678;-0,005666311493299;-0,00762723201168825;0,000796886380424178
"271";-0,0293420831241161;0,0252107909293599;0,0220455753146907;0,0107987815593009;0,00126772351062713;0,00515412307382341;0,000353904831692557;-0,00550356389669262;-0,00846641654046054;0,0010670969660647
"271.5";-0,0293626187226148;0,0247417944069009;0,0215597328520683;0,01035290590318;0,000866956362684732;0,00477197387784845;4,65963477415334e-05;-0,00571254986106102;-0,00752007538480264;0,0011100513144042
"272";-0,0305914899155656;0,0231161049407364;0,0223388105989585;0,00909278196658684;0,0013284437616747;0,00511864258405989;0,000339801512081653;-0,00543378978084901;-0,00826331244956001;0,00141228845728108
"272.5";-0,0310915349099276;0,0221560758452503;0,0214629884130963;0,0102028035487925;0,000688194377825242;0,00450638086375018;-0,000194042759766406;-0,00475685057045665;-0,00759929107782493;0,00110988475514658
"273";-0,0302296534707706;0,0224016583971586;0,021627799616386;0,00853841843759794;0,000847520409121598;0,00460843971473077;-0,000105561331644109;-0,00467597085098928;-0,00752881184453622;0,00114154112163064
"273.5";-0,0317163251714477;0,0206301158708975;0,0201878007161361;0,00925488580858622;0,00152815815462252;0,00383974130643262;0,000513030987949533;-0,00516397426756679;-0,0078926190711278;0,00181233810043285
"274";-0,0314045275986419;0,0202888924268782;0,0198572373945101;0,00901121490957169;0,00132929308727017;0,00362011453691211;0,000307733874778974;-0,0053439148043884;-0,00704604015124498;0,00160657898977878
"274.5";-0,0352063276898516;0,0169204970623024;0,0174442941531561;0,00736372390875503;0,000201113651852545;0,00416225558222884;-0,000272649545687526;-0,00464568943693736;-0,00635554378020624;0,00221742687920411
"275";-0,0338985040148418;0,0170262636735354;0,0172496239675648;0,00706034176508075;-0,000198159946763524;0,00361920886293147;0,000350625869170832;-0,00416004031819622;-0,00699452081686549;0,00246884288223328
"275.5";-0,0374554206227813;0,0132468694977904;0,0161524882994773;0,00619165136196528;0,000593778130224475;0,00292990319892572;-0,000263016523795458;-0,00360733368704711;-0,00648696174828645;0,00290005653860841
"276";-0,0365027949215861;0,0132842252952191;0,0139594674025216;0,00604127385722638;0,000382445341424414;0,00259971602123998;0,000525085306481639;-0,0041117029277386;-0,00610516354173341;0,00303219101011117
"276.5";-0,0364163827119579;0,012192429031878;0,0126630268878371;0,00469936347392079;0,000477446438296667;0,0024259320629764;0,000158126456489062;-0,00351959665256055;-0,00573329293324644;0,00318195967048108
"277";-0,0384341181818891;0,00926704987028666;0,011861909895533;0,00551286210146421;-0,000501913604423268;0,00265911923565534;0,000209349875661204;-0,003581631168801;-0,00588450763380553;0,00385729985890423
"277.5";-0,0381022951209775;0,00797869968319795;0,0120515324198737;0,00349431980307778;-0,00122533329724703;0,0028855149290694;5,5307933144455e-05;-0,00292227505815731;-0,00554078800496505;0,00391208748650231
"278";-0,0398378712728632;0,00715952248162923;0,010632687081764;0,00347434055030584;-0,000236400978973191;0,00201385151243426;9,03294290318069e-05;-0,00317576441652175;-0,0050501874391047;0,00410379870409684
"278.5";-0,0408168955426457;0,00502247772487735;0,00830097470203699;0,00279216547192822;-0,00115450909990093;0,00216364798058565;-4,09999763716044e-05;-0,00243818042126747;-0,00457753019849466;0,00432448430578714
"279";-0,0430388486289996;0,00348316727990428;0,00805599412649595;0,00199777831424798;-0,000928393354468955;0,00189475750176023;0,000528095539542325;-0,00216006673388167;-0,00449586884311641;0,00425589478641932
"279.5";-0,0403779242838618;0,0017637410724302;0,00749621056665613;0,00245469661562042;-0,00114037013288488;0,00240179554938559;0,000504856624950051;-0,00255301828683486;-0,00421772146579423;0,00419137940319708
"280";-0,0420968122597546;0,000451314594675308;0,00721108465050849;0,00150698308945598;-0,00120091572147786;0,00174317978688669;0,000564694946461404;-0,00182812677678056;-0,00486242699769103;0,00507675339206016
"280.5";-0,0424942928171168;0,000108483723790936;0,00579490145396137;0,00107339119045381;-0,000887945397934045;0,00140093182815681;-0,000234764984770176;-0,00185911358727674;-0,00418174706555842;0,00550386812073615
"281";-0,0434468239924233;-0,000597462363803053;0,00426282140306836;0,000648526890664884;-0,000482739263534913;0,00121339949847189;0,000266309243271279;-0,00176093744656054;-0,00345385185783393;0,0049517782760395
"281.5";-0,0430740044987962;-0,00222043841006872;0,00363055023341986;0,00092500646170983;-0,000874770149791467;0,000274803965471127;3,85665620694369e-05;-0,00132234588768934;-0,00339044775315317;0,00556778148714782
"282";-0,0425096777565031;-0,00378668597817702;0,00284310740360802;-0,000597246982124805;-0,00162550634075726;0,000156357114692515;0,000489030447381812;-0,00131610144105519;-0,00277227128586983;0,00584568677552431
"282.5";-0,043599913849906;-0,00488795328885326;0,00243881863135516;-0,000277121078257092;-0,00206546854745862;0,000311125154972157;8,27024527643483e-05;-0,00107461028629016;-0,00288039570779875;0,00632983081803587
"283";-0,0433199223124851;-0,00644860442039132;0,00169580404643147;-0,00166781766911364;-0,00267210535859993;0,000317314278338182;0,000625896873902266;-0,00102233364317068;-0,0023146116824647;0,00643672347939086
"283.5";-0,0431599007596812;-0,00659422098727689;0,000337733471727487;-0,000871190399943247;-0,00274593138167199;-0,000473256663850861;0,000383033705594788;-0,000685366810683188;-0,0023677983978817;0,00692933452900373
"284";-0,0426617229337956;-0,0082549987613975;-0,000799299070000406;-0,00283136222109421;-0,00280441545950618;-0,000146395231644935;0,0010586103440394;-0,000609991992849683;-0,00187624580292236;0,00689717374839111
"284.5";-0,0449462241778456;-0,00914557203578163;-0,00141761032982549;-0,00302729325589004;-0,00265913870653829;-0,000845713874559226;0,000766946745113661;-0,00041268525310315;-0,00120915681907269;0,00714640127767526
"285";-0,0443599257500713;-0,00932199785019357;-0,00157015256763539;-0,0029636843001176;-0,00242113417811676;-0,000426117297381445;0,000323593308767865;-0,000476381050134872;-0,00181743469553588;0,0078069153922912
"285.5";-0,0439752575852372;-0,0109977347311287;-0,00284925190332612;-0,00373017418944525;-0,0027747294258736;-0,000408645989285306;0,000694682773992384;0,000308712134878054;-0,00154863315485658;0,00762437541278422
"286";-0,0441531658097034;-0,0102771321407747;-0,00226999223232249;-0,00308632586185637;-0,00329015607690188;-0,000757861064608709;0,000525205761069871;0,000418285951581329;-0,00116468455714852;0,00740680749535051
"286.5";-0,0444647183833394;-0,0113007827620356;-0,00329667949201326;-0,00391965900835542;-0,00393744451246645;-0,00121642861889067;0,000291972862865572;0,00052877515526954;-0,000683271139961537;0,00828242128720563
"287";-0,0450023281683771;-0,0139610530526095;-0,00432522900042276;-0,00469138170161142;-0,00329176046690264;-0,000425276111242105;0,000246172817378336;0,000846848136854971;1,94352915092187e-05;0,00768773934303767
"287.5";-0,0452985490755015;-0,0135051346447307;-0,00550917172333177;-0,00448573821696456;-0,00307199966664384;-0,0012249091837668;0,000658238205286184;0,000571290996136004;0,000102851334923038;0,0081580879986819
"288";-0,0448840251435028;-0,0142694599560001;-0,00532261645975334;-0,00456363894282624;-0,00332538219766158;-0,00154584120347481;0,000353619622884859;0,000481035103459975;0,000302181623492426;0,00872393350988715
"288.5";-0,045204704614982;-0,0153432091180293;-0,00653836071654461;-0,00570598133621685;-0,00323561480065214;-0,00139335828545564;0,00061189932414796;0,000992386414326866;0,00022925645630875;0,0090297209668721
"289";-0,0453875986541886;-0,0164235173456039;-0,00658372265878636;-0,00589218644703616;-0,00350585665138731;-0,00163831029621697;0,000470057031440463;0,00113631241814953;0,000742776448938979;0,0091612813581873
"289.5";-0,0455508363313028;-0,0171661932135005;-0,00739517257491742;-0,00655875104941563;-0,00402941827512858;-0,00196195104778425;0,000379509413413006;0,00140723149129231;0,00141951295013709;0,00945232229588686
"290";-0,0454117925575639;-0,0176075011160624;-0,00793437467885664;-0,00581299377436377;-0,00435644195277425;-0,00213053634766979;0,000395762961713401;0,00173099458785459;0,00122398502855508;0,00966404848424521
"290.5";-0,0456511867241507;-0,0180905349707411;-0,00951220572588366;-0,00701302450728376;-0,00518422783502657;-0,00258571007975085;0,00031786057163396;0,00211585661637765;0,00209862925314974;0,0102188646204812
"291";-0,046027377821167;-0,0190223121915117;-0,00927129066094428;-0,00789143939409601;-0,00484581376068645;-0,0021234844273724;0,00094598728648872;0,00214566482317584;0,00168729280015372;0,0102812170706399
"291.5";-0,0447208846609835;-0,0181574694924789;-0,0096825437998;-0,00811908587406593;-0,00489580616371407;-0,00294663268100599;0,00137067160933888;0,00204699261058266;0,00204850578086944;0,0103054076290936
"292";-0,0455574709469675;-0,0189659164456674;-0,0101121124934988;-0,00808059795629506;-0,0054770488307872;-0,00203614539774388;0,000841784850061574;0,00213331555398338;0,00192786264278038;0,0108386538417657
"292.5";-0,044743974444314;-0,0194450647560285;-0,0114218736464195;-0,00778378029896274;-0,00580887967245443;-0,00289159308125988;0,00141544536850649;0,00234181843474981;0,00270489715596797;0,0105572266827831
"293";-0,045412999347998;-0,019951807254275;-0,0114647833065061;-0,00841092770309296;-0,0058861153287298;-0,00245009615556164;0,00142949375296066;0,00295022136275781;0,00224983430818089;0,0107273791162058
"293.5";-0,0448876864300947;-0,021518012300485;-0,0123623910959426;-0,00861380150322816;-0,0054515287559421;-0,00238874353482769;0,001169022083047;0,00247059934840622;0,00243448619837232;0,0114869845132957
"294";-0,0457804169092641;-0,0219698721633036;-0,0121567480546317;-0,00878156263745208;-0,00592118000027798;-0,00214778544154681;0,00118338592166571;0,00236336697332188;0,00309348608121034;0,0112819579670921
"294.5";-0,0455861884829726;-0,0214206577995215;-0,0121873216472645;-0,00819369726799756;-0,00673669734439158;-0,00233664603635059;0,000692852509367214;0,00251476107085279;0,00304559989551348;0,011815821461753
"295";-0,0445315627740003;-0,0210857883555232;-0,0122984337069053;-0,00965179295790295;-0,00642588058033143;-0,00322286738891158;0,00140961728375393;0,00305957379522375;0,00347589213653112;0,0113551359228342
"295.5";-0,0441104581184752;-0,0211447487256777;-0,0126105626088621;-0,00909469920823002;-0,00605694307657892;-0,00301477767578388;0,00234228026033971;0,00218729637252321;0,00336961716206777;0,011143989473783
"296";-0,0445130904408631;-0,0218392645614716;-0,0123188985757637;-0,00886681429893853;-0,0058754707292336;-0,00286675180507479;0,00158288280502413;0,00231889862337559;0,00352831507656682;0,0112956707912463
"296.5";-0,0440707008313845;-0,0217520541627229;-0,0124119146978615;-0,00905672306935697;-0,00614524826663062;-0,00230264475695901;0,00117419254179916;0,00188536974486184;0,00385428602992909;0,0115311800721306
"297";-0,042321584444653;-0,0203477126061493;-0,0122710391197237;-0,00801959110650097;-0,00617829445009803;-0,0033060611595036;0,00100268590630298;0,00249810489183416;0,00362183274341389;0,0112366897576334
"297.5";-0,0421438114798505;-0,0212259139975711;-0,0119241762971375;-0,00949134921865969;-0,00554289186031671;-0,00344816695920032;0,00098086999242255;0,00258077591349444;0,00378963532138662;0,0114200461588351
"298";-0,0408139841248412;-0,0200532247229634;-0,0118511460823367;-0,00841291709579511;-0,0054232913927979;-0,00330491252196181;0,00112748351441499;0,0019388790041053;0,00319735163452675;0,0115606704240502
"298.5";-0,0414284785937331;-0,0203981525085303;-0,0118653434367238;-0,00811400117219519;-0,00577663386709688;-0,00339348022427971;0,00123789578924567;0,00220017900011158;0,0035553311902015;0,0111843178223356
"299";-0,0411951354246643;-0,0199347893047875;-0,0111295538399682;-0,00904820269762342;-0,00639451637639698;-0,00288289037275183;0,00107611651695803;0,00218982615850424;0,00364487703831481;0,0112823401485733
"299.5";-0,0412968361469079;-0,0206043603000478;-0,0122782660487436;-0,00869768343707183;-0,00653025450972972;-0,00435466983761613;0,00166160495523504;0,00145053670695054;0,00392349040783077;0,0124191045724731
"300";-0,0407479510612277;-0,0206061873578334;-0,0117593963618529;-0,00866615338219391;-0,00604593119774732;-0,00349077864431441;0,00118784499278004;0,00207434203006966;0,00325927124635739;0,0119191936988037
"300.5";-0,0398068425713931;-0,0192357943254216;-0,0109952182042844;-0,0084587797701144;-0,00636273747889046;-0,00346605663955001;0,00147139202977772;0,00175450523461093;0,00381705450071706;0,0110253512917081
"301";-0,0388933483425303;-0,0188351128314314;-0,0110746640985482;-0,00803646211646239;-0,0064071991260941;-0,00397015955197807;0,00131974958211073;0,00109205279629203;0,00411742137887353;0,0114144125767109
"301.5";-0,0385951447769071;-0,0186969409306991;-0,0111137379306042;-0,00826761652858636;-0,0059510087045201;-0,00380212127240817;0,00116036958303139;0,00131115039090814;0,00385319830268706;0,0112894799009782
"302";-0,0375910910205461;-0,0180034632901928;-0,0107457710728263;-0,00822104187338742;-0,00532816315164729;-0,00439560811250939;0,00102822559300463;0,00152176689718664;0,00357842596664045;0,0111767501515497
"302.5";-0,0384043181884917;-0,0185810138167545;-0,0111653436698985;-0,00854988669776083;-0,00562214568054375;-0,00388271212396839;0,00139258895372418;0,000845693600388412;0,00332381455486003;0,0118649083788358
"303";-0,0361503167123145;-0,0176787347849751;-0,0105728970577234;-0,007333667153507;-0,00565640213942949;-0,00423890060558619;0,00069762630982575;0,00129343538171206;0,00328814933005193;0,0112870706770255
"303.5";-0,0371370376986459;-0,0182500593618522;-0,00985158368307012;-0,00741397171731969;-0,00561127264092329;-0,00415799865806366;0,00153923527574059;0,00113770482456792;0,00358339618304185;0,0104349633649518
"304";-0,0353626203176984;-0,0172758047831545;-0,00972382756084506;-0,00716941706253907;-0,0053109316452477;-0,00388136895409744;0,000922492857639382;0,000329270751464876;0,0032276478811703;0,0110497197109283
"304.5";-0,0344808447665148;-0,0160909161063033;-0,00940511400069317;-0,00675056988704135;-0,00485743451461931;-0,00347756856392058;0,00120602926806504;0,00110261946458481;0,002156386997996;0,0102133120332099
"305";-0,0340666594804586;-0,0152977798580988;-0,00841458429975111;-0,00661462585139437;-0,00462629945537229;-0,00491625319938061;0,00141167983977014;-0,000401341244404154;0,00264910207207316;0,0110205882320611
"305.5";-0,0334736076865398;-0,0149387020442124;-0,00742463398599255;-0,00614282562461206;-0,00378000340201333;-0,00385463757209769;0,000171070899614548;-0,000890924975768336;0,00268619607637268;0,0106352136145572
"306";-0,0329631806764476;-0,0146913460493876;-0,00759158248309908;-0,00582212558399501;-0,00488685852844575;-0,00462417835903283;0,00122946455662811;-0,000679231690028579;0,00274773099286302;0,0103850160262506
"306.5";-0,0336377396801307;-0,014157542718669;-0,00724512257515315;-0,00576999558439573;-0,00426047170113792;-0,00445558214848495;0,000904061141569923;-0,00093120172208057;0,00242290206543888;0,0104813678785909
"307";-0,0309406658508079;-0,0130900041474652;-0,00679223233291108;-0,00498704937981723;-0,00324456216546503;-0,00503550177448555;0,00045996397080637;-0,00145076119523322;0,00173470630367193;0,0108751474068904
"307.5";-0,0302502698635868;-0,0124317994656015;-0,00640312262775256;-0,00397463042638721;-0,00360499234950155;-0,00415319051858054;-5,98699509896469e-05;-0,00118709411303928;0,00183236916937874;0,00991031031397539
"308";-0,0294802129314787;-0,0115393818443531;-0,00567712299282804;-0,00451376682060893;-0,00346666100662006;-0,00439990125133615;0,000905673603434023;-0,00169245282144255;0,00206843741866713;0,00923622992468031
"308.5";-0,0292796055876298;-0,00976592988481991;-0,0050666454391125;-0,00404023019335046;-0,00319290088489684;-0,00357487773335122;0,000501682621153138;-0,00194850099307164;0,00179238797909356;0,00870444929696966
"309";-0,027854030359292;-0,00923295956408174;-0,00455805896485197;-0,00369807890623947;-0,00307474555623454;-0,00465769105459871;0,00073058363727101;-0,00239864525550578;0,00132060130059471;0,0093838550735946
"309.5";-0,0271249241685129;-0,00808838488231379;-0,0034436324449881;-0,0027607669924036;-0,00331636409771862;-0,004286186656192;0,000749435000900462;-0,00299569260198243;0,000776778369991625;0,00936979444354772
"310";-0,0264357158502997;-0,00703842985640976;-0,0024893064411667;-0,00309021795787064;-0,00289113002386709;-0,00423649297262073;0,000396425700404452;-0,0024611148042917;0,00050010883198449;0,00883340227513071
"310.5";-0,0239010682735413;-0,00544645124288627;-0,00211878760307771;-0,00283407366399821;-0,00182991416164326;-0,00353904212166668;-0,000127214020537906;-0,00280819260925023;-0,000576293353576871;0,00897496757244685
"311";-0,0244228984553361;-0,00497633689217286;-0,00130691416480249;-0,00192538144863158;-0,00189030831825824;-0,00278109031312534;0,000404447467768439;-0,00360292480784018;-0,000488527051189674;0,00819801621786971
"311.5";-0,0220705325609541;-0,00227568893964289;-7,41729518487991e-05;-0,000940465554255288;-0,00117309983319396;-0,00333360106748112;0,000383979773423632;-0,00426227817119286;-0,00108731710627783;0,00815121231719467
"312";-0,0210997940734054;-0,0018200741037077;0,000654560002530526;-0,00127760666149419;-0,000430494346158457;-0,00371116771699056;-0,000168175761708756;-0,00453399665590741;-0,00125441355808421;0,00855040132121652
"312.5";-0,0204478108163138;-0,000334117013278841;0,00222177093227008;0,00015518462287909;-0,00017725953199818;-0,00369292921558424;-0,00128443316114632;-0,00459327821224348;-0,000545447519188345;0,00755270725558017
"313";-0,0183912393999543;0,000593636119794327;0,0030249643726656;0,000676393183522001;6,6930602259838e-05;-0,00290301020082531;-0,000963197829956728;-0,00498953122632554;-0,000945156707869504;0,00691645423594302
"313.5";-0,0176264641044297;0,00335907860581243;0,00537942289976825;0,00133690032568921;0,00040199599016361;-0,00299047352731442;0,000272359594104185;-0,00617797279997942;-0,00134377101068099;0,0062714143291247
"314";-0,0173400065595206;0,00292791461147186;0,00513780452302633;0,00100770714633673;0,00103945065638572;-0,00272399295310204;-0,000714729725838266;-0,00535590374643387;-0,00210859829457854;0,00672689964845146
"314.5";-0,0163250212028204;0,00465365503088143;0,005284462938692;0,00220356587653332;0,000860112154656085;-0,0032120163657055;-0,000633476467606828;-0,00596069749814078;-0,00113152392696711;0,00597438359096311
"315";-0,0130241633724701;0,00643396188933449;0,00665903323050786;0,00184102576597289;0,00133032367546679;-0,00226618664065436;-0,00114904501259804;-0,00640591610491968;-0,0024075135245842;0,00664146530513779
"315.5";-0,010840627371721;0,00870704191093418;0,00828220381690033;0,00279250211363813;0,00177952551411319;-0,0023840538950027;-0,00088665869328141;-0,00697908957783198;-0,00302943402612869;0,00649693004281744
"316";-0,0114414784374356;0,00872104219083253;0,00804836081836146;0,00218880778304804;0,00202486455665152;-0,00166180810735295;-0,000767944795475736;-0,00686719546428505;-0,00304238970041819;0,00613983000067203
"316.5";-0,00952029330117805;0,0121585211621107;0,0101635929170488;0,00318700941846101;0,0022326681694184;-0,00120672630863325;-0,00110104945536165;-0,00730176661901757;-0,00365499325883574;0,0059221395006955
"317";-0,00757793278845534;0,0135875261509428;0,0104377673301342;0,00384546658734496;0,00202676405059644;-0,00223314739048038;-0,000999720526356295;-0,0074239854823986;-0,00326947112181039;0,00582193516503456
"317.5";-0,00411797533474348;0,0138954599086958;0,0112528383560445;0,00485000247334689;0,00318302464468931;-0,00111735627673088;-0,000907868911621627;-0,00846852272908529;-0,00298277400591878;0,00482732223132977
"318";-0,00610731780170909;0,0162182740545319;0,0121020436300005;0,00597558439777869;0,00330119329933001;-0,000853798950918237;-0,00155388844738108;-0,00757198116865942;-0,00405357540675431;0,00484209556968438
"318.5";-0,00303245590825212;0,0174967768376876;0,0131852285579645;0,00537582523843071;0,00397216228044429;-0,000438515295025765;-0,00140425493091808;-0,00875388355282169;-0,00402235848371912;0,00502377534054909
"319";-0,00157070434836623;0,0177611645455415;0,0137262851722466;0,0059460073737627;0,003349506285341;-0,00101128459640631;-0,00104423959226209;-0,00879871762071657;-0,00365542244407321;0,00480336549935943
"319.5";0,00090808756898257;0,0201606686429917;0,0153732197725416;0,0054808917119371;0,00397967081060918;-0,000797329504951518;-0,00121131340212499;-0,0086264861001451;-0,0040702518702982;0,0044872285360184
"320";0,00177982200050275;0,0234317832171606;0,015473946419;0,00652144825250135;0,00444592748561047;-0,000883720254254378;-0,00177627202757767;-0,00979149709908994;-0,00415413744797431;0,00522172182216061
"320.5";0,00424221617107139;0,0229759604815394;0,0165215137948508;0,00685656107512212;0,00433826739154149;-0,00031531312073707;-0,00174312235194126;-0,00950840410640721;-0,00453119134354548;0,00490327145453097
"321";0,00441486410095222;0,0230626227100749;0,017882672059416;0,00728436027966864;0,00418877826053117;0,000145100931882501;-0,00188938907687032;-0,00943735001877309;-0,00515794083906345;0,00511532215455119
"321.5";0,00668731595299672;0,0266027529944482;0,0173565785196914;0,00741811470093578;0,0048006604561789;-0,000149527309602674;-0,00193442301146217;-0,0103771647915174;-0,0043779927934518;0,0049087841142379
"322";0,00715344545788229;0,0286798444131881;0,0195311735544345;0,00795677881974754;0,00432153177926432;-0,00027841884185838;-0,00286632404019885;-0,0102617742259802;-0,00423243339605269;0,00499687184131511
"322.5";0,00926915515339828;0,0290027499416115;0,0204269372270073;0,00744297011007255;0,00567308842258123;-3,4585616382196e-05;-0,00248621787373625;-0,010844371093242;-0,00480203408346298;0,00513883436458991
"323";0,0118846626913697;0,0321222967202219;0,0210041787701801;0,00814020514204378;0,0051279255817618;-0,000382365141360416;-0,00275480796337068;-0,0102706177853909;-0,00441659528361556;0,00444065903697441
"323.5";0,0125543849738126;0,0307334667809094;0,0202485709787983;0,00768008044680746;0,00491761597779271;-0,000502016841752227;-0,00285645206835983;-0,00954751866524875;-0,00474459337634825;0,00474924526208299
"324";0,0159729011828616;0,0303532260299498;0,0220531458278854;0,00718234864721242;0,0058396822629072;-0,0010742472675816;-0,00247135942167703;-0,010397535357234;-0,00490134298580548;0,00514818834574838
"324.5";0,0187733295855152;0,0326155495280189;0,0213865989552917;0,00826631489925368;0,00669111124322981;0,000723886623132182;-0,00213577935935002;-0,0103713505005088;-0,00516479886155149;0,00371427052324275
"325";0,018355043718693;0,0325869719575059;0,021165632804429;0,007884064353044;0,00626011180038132;0,000177554812825792;-0,00281669716758427;-0,010294847447619;-0,00447375389183094;0,00405792486853053
"325.5";0,0170319474820766;0,0347556922668957;0,0221680096357312;0,00819209568430494;0,00619337874805273;-0,000223765773942888;-0,00242610353400987;-0,00935322187244255;-0,00573518037207914;0,00418066929138628
"326";0,0177563509369804;0,0349943361039062;0,0218116315242381;0,00746970171189091;0,00675660907501825;-8,6975487352694e-05;-0,00263828522272035;-0,00990615635623816;-0,00570891419043913;0,00468864320628639
"326.5";0,0182352112844489;0,034899627621164;0,0211589769674116;0,00828330269955818;0,00707178012617289;-0,000195809670691897;-0,00309764090557832;-0,00972360235972416;-0,00501828066558709;0,00409821386674643
"327";0,0233420321182587;0,0336923127871443;0,0217815217190464;0,00802719666531931;0,00629624466686221;-0,000128344553403225;-0,0024400041110885;-0,00962103263563709;-0,00538563136003312;0,0041545265307932
"327.5";0,0200864644359107;0,0343973051328649;0,0215153031043681;0,00719920149983536;0,00664939268819147;-0,000292024102163421;-0,00302050950243422;-0,00959101514477432;-0,00578479890110684;0,0050829285984983
"328";0,0246271414255081;0,0357332943969547;0,0236836337828873;0,00788867796733332;0,00646379629987182;0,000130320655124468;-0,00330600273710568;-0,00946422509997502;-0,00534857551612768;0,00404882878516026
"328.5";0,0215301970338053;0,0361286241111801;0,0228992791007826;0,00829352020905678;0,00613523815261064;0,000530521772785362;-0,00352762852054518;-0,00919028806977364;-0,00560333509072018;0,00419491502825063
"329";0,0207867696538957;0,0345010067433372;0,0232428724844947;0,0077626548383739;0,00661906154414585;-0,000907991415793832;-0,00304051366619558;-0,00921954388319685;-0,00514148520064155;0,00422237932234197
"329.5";0,0221656598157098;0,0340084724869898;0,0218317466049333;0,0058337941318388;0,00589748205170711;-0,000843831320605884;-0,00356064334592141;-0,00920944435410978;-0,00471906819294246;0,00500575616971866
"330";0,0219538186611704;0,0359240449249586;0,0219698535889285;0,006875803706788;0,00755205926612586;-0,000131525378860261;-0,00356971748672333;-0,00978861004521745;-0,00486915976565191;0,00433154126498893
"330.5";0,0207542392032176;0,0337707497860984;0,0218714568214594;0,00592657827437479;0,00608641011549337;-0,000677064759123952;-0,00346745697787818;-0,00918233436569162;-0,00478205464968024;0,00486340298900862
"331";0,0204084400493325;0,0355449791795081;0,0218250268185544;0,00676557073880787;0,00594291941679096;-0,000251872817372831;-0,00383239226286871;-0,00917111515182295;-0,00452122733603095;0,00441283713041607
"331.5";0,0235993670969894;0,0357853857720437;0,0232785716104356;0,0068940380785999;0,00683891685922366;-0,0015027817088215;-0,00439307619053278;-0,00918696172012153;-0,00504991924507687;0,00524234767510167
"332";0,0207860363381748;0,0361021294336093;0,0222716923086519;0,00707948535711354;0,00620608716813577;-0,001418633763214;-0,00381603838599423;-0,00925582865918424;-0,00377377118208982;0,00408335574569532
"332.5";0,0212151631076465;0,0344929266350414;0,0223646827220262;0,00610994038896338;0,00614344258571155;-0,000879111552630688;-0,00400945310598019;-0,00896765756321815;-0,00501114118061118;0,00514115837565376
"333";0,0189444637919272;0,0354486151295282;0,022020772061515;0,00697195444270849;0,0061924386467913;-0,00143979885687933;-0,00390386868656787;-0,00835319797890641;-0,00497547062207705;0,00465133957039033
"333.5";0,0230773250311245;0,0361255528676207;0,0237774356577863;0,00538428399680111;0,00565678777838481;-0,00126357511214938;-0,00439503604933098;-0,00830602605139616;-0,00450626348234108;0,00459353565651062
"334";0,0227906265844139;0,035050963317627;0,022359381946082;0,00569344981459519;0,00544093050715444;-0,00054823629117003;-0,00421496732762768;-0,00857063113451118;-0,00424287898788162;0,00435936406333931
"334.5";0,0214258736026522;0,0327345679399157;0,0222642916742721;0,00673378276016994;0,0055957838893435;-0,00104223060533175;-0,00406917144595266;-0,00792689357925657;-0,00420269931388871;0,00384402853072235
"335";0,0181784277818651;0,0332123130709212;0,0217383273811216;0,00758541584314985;0,0057036339485909;-0,00148935406288914;-0,00498180867636494;-0,00817759910071188;-0,00397124156302511;0,00446799966325955
"335.5";0,0241370191045455;0,0354291576961101;0,0223144195819475;0,00726204655585247;0,00638375059278257;-0,00148608549413045;-0,0055143181704537;-0,00807424488555643;-0,00435778393538719;0,00456097778166606
"336";0,0225421984300425;0,0335273745910441;0,0228933292339691;0,0071735889601334;0,00583729220560018;-0,00103888540264345;-0,0055688602399912;-0,00748841893957441;-0,00428743183535668;0,0041306840570204
"336.5";0,0231300981079685;0,032868713845947;0,0217487806126667;0,00770979288337417;0,00581171369112772;-0,00146914223649634;-0,00515490406101564;-0,00746001888218578;-0,00461866981738276;0,0043982469619215
"337";0,0242939313125254;0,032900329943831;0,021313939749476;0,00699862782852522;0,00645586587189773;-0,00127361475798999;-0,00535552854912352;-0,0069500341725994;-0,00458125037479949;0,00395883775549372
"337.5";0,0256558705216674;0,0331865069192652;0,0211504724171137;0,00656460107508511;0,00578345675244684;-0,00214589299937144;-0,00409672931641377;-0,00722344729824196;-0,00426352162089205;0,00379904521301115
"338";0,0261053874895867;0,033085548900643;0,0208421299127283;0,00613092414537059;0,00521999463518913;-0,00146950317311392;-0,00489610050678724;-0,00709645257497689;-0,00440230203546479;0,00431978638497353
"338.5";0,0221199134030406;0,0303866295566485;0,0213206932683036;0,00636608917385075;0,00524739156153513;-0,00161859786500985;-0,00523694581704145;-0,00657488287293415;-0,00421892961626956;0,00414352663846644
"339";0,0246105545324163;0,0350120664466704;0,0218064128334502;0,00651847960037572;0,00510512149807241;-0,00199748754423989;-0,00586908901039163;-0,00640764881814836;-0,00446427518907094;0,00438643819441278
"339.5";0,0272002208908034;0,0333040050139371;0,0208174591490782;0,00590259184221751;0,00621739638562943;-0,00105464595328471;-0,00628445864146944;-0,00585510279552712;-0,00416979899019282;0,00343280886426158
"340";0,0243739725964562;0,0319510530466397;0,0201915938443387;0,00755788404503036;0,00611741203454408;-0,00108060321224858;-0,00515726661878644;-0,00705114642140075;-0,00448354974875982;0,00379181764761081
"340.5";0,0249209895497904;0,0327061341791007;0,0210915074097513;0,00850355891816768;0,00545473624595862;-0,000234707070988996;-0,00442604178567918;-0,00541721912873502;-0,00608970842482157;0,00291244933152356
"341";0,0251283872202365;0,0330458623763197;0,0215495087632941;0,00710372980043612;0,0043444401338193;-0,00250802171696931;-0,00532156374355947;-0,00530619556930027;-0,00424880439859785;0,00343661957652056
"341.5";0,0260588692484314;0,0308546767813859;0,0181041835180327;0,00862259947747729;0,00585944405117857;-0,00234981543730157;-0,00508215322260224;-0,00613050570168625;-0,00410901228109125;0,00340144462359802
"342";0,0276284514356192;0,0329127522807131;0,0204041342112138;0,00725435327968991;0,00514115623370679;-0,00133201891528903;-0,00516372965669421;-0,00615117914094206;-0,00419779583154645;0,00311698633473838
"342.5";0,0287986118914334;0,0311129133004164;0,0197975025358243;0,00728703744654744;0,00396248978388392;-0,000774257223364046;-0,00566734868683346;-0,00655663202574058;-0,00461685242641996;0,0044179812536538
"343";0,0251770278825508;0,0299837019942354;0,0198750185411861;0,0080046728839296;0,00500923026362156;-0,00215915129562833;-0,0055244865406092;-0,00635359640655509;-0,00351701270529314;0,00343428652219841
"343.5";0,0262915288483938;0,0288113973490435;0,0201180713846817;0,00717693988208377;0,00491868133790751;-0,00306067552036018;-0,00485020140507026;-0,00555737598263542;-0,00367896591990272;0,00320855231329555
"344";0,0234381380981456;0,0318059008847708;0,0187112437379827;0,00696283969554752;0,00535986766418939;-0,00348324082795057;-0,00490526576759227;-0,00544764899762288;-0,00355791532310232;0,00318825879043344
"344.5";0,0267668041731696;0,0289590561953958;0,0202067202264695;0,00721687633298792;0,00322060838157868;-0,00222112571834028;-0,00455416571338161;-0,00593802487431868;-0,00297384864596526;0,00278490222529526
"345";0,031489087753969;0,0299942658511598;0,0195875726074128;0,00747122656456957;0,00395121070517543;-0,00246916648686783;-0,00449947425254673;-0,0057410975579177;-0,00465458487575745;0,00379820804407946
"345.5";0,0264057686683579;0,0292823775818951;0,0186356154558066;0,00635937431633524;0,00408954914321155;-0,00277685366156547;-0,00415528092319565;-0,0060528223328709;-0,0037992397622363;0,00370288880750869
"346";0,0279705221565752;0,0289169559477745;0,0197407099684924;0,00650224514310078;0,00350140971576377;-0,00266634821889214;-0,00472412715567974;-0,00528862478238681;-0,00202150314260987;0,00180584129994226
"346.5";0,0259526587863861;0,0295341600928073;0,0171319377885744;0,00559381230953861;0,00358246574286617;-0,00316173188046102;-0,00464532419148796;-0,0048721140646015;-0,00327860952560669;0,00335417362543242
"347";0,0272580224088467;0,0294748377394352;0,0187702670799525;0,00468378153976816;0,00232808175468391;-0,00346813900501051;-0,00435055199616991;-0,00423896281176339;-0,0043165853873859;0,00415532800925723
"347.5";0,0264618541344636;0,0285029406081257;0,0178050188290578;0,00542980267939381;0,00262962452757301;-0,00354918528469305;-0,0048520322339858;-0,00428792360395291;-0,00320489088315081;0,00347129627884152
"348";0,0279655479898391;0,0287713997305027;0,0175793261382782;0,00491513261626857;0,00322145345957322;-0,0034177113568215;-0,00409663484569169;-0,00414210507361998;-0,00276383682565627;0,0022844248637543
"348.5";0,0282085737465656;0,0256406458275597;0,0172942200673376;0,00455616589063171;0,00268345241537511;-0,00411575971517714;-0,00397884722112207;-0,00352009916095999;-0,00361984242037978;0,00336961570732015
"349";0,022311246311252;0,0244950512091892;0,0163099961207814;0,00366930570414427;0,00310393987163503;-0,0039952817733663;-0,00421598278493012;-0,00326013077365604;-0,00305115872668336;0,0031642771109932
"349.5";0,0252981263590258;0,0233020045777064;0,0153141659281057;0,00444713934288946;0,00216564843937167;-0,00499949499997005;-0,0033269767476864;-0,00384406049213533;-0,00232630724933694;0,00318614946872022
"350";0,0273326709680503;0,0249242829517518;0,0146799340624725;0,00413049013580328;0,00192386343845836;-0,00407289669509564;-0,00372809645970242;-0,00361461228055413;-0,00258425921533104;0,00311791802172561
"350.5";0,0262419374835813;0,0242349109135145;0,0163045017877256;0,00383159155190302;0,00158771597344049;-0,00332727962861934;-0,00329564594676654;-0,00359172199519141;-0,0021504104565078;0,00207865781881203
"351";0,0254107869967794;0,0243712701337445;0,0149083550226944;0,00473574494992848;0,0012011434521466;-0,00472157855234608;-0,00361118502643087;-0,00324910516058582;-0,00227731583197903;0,00294662432113793
"351.5";0,0285422545881405;0,0242236652515552;0,0152602857519755;0,00378141355683904;0,00189986255557228;-0,00401552701875233;-0,00302052259851486;-0,00382979071167498;-0,00225698176745594;0,00249836075548658
"352";0,0254940528782353;0,0230426213273807;0,0150144431839465;0,00250805675979594;0,00238282079428412;-0,00456043406448678;-0,00352702774658189;-0,00359843078159851;-0,00155293988787683;0,00261123595687014
"352.5";0,027361754606394;0,0251308687185444;0,0152806906773587;0,00326310405102453;0,00201331569202472;-0,0046574131411187;-0,00260278781323208;-0,00291300307388516;-0,00204135659446339;0,00167219468058248
"353";0,0274106263684501;0,0232505977619521;0,0144789992015473;0,00307973360715632;0,00208468232942765;-0,00552256358293891;-0,00339763448117018;-0,00294229812959481;-0,00154351012871908;0,00245387426202312
"353.5";0,026905876721514;0,0237721458694307;0,0155276247125734;0,00292307053845611;0,00223596776726426;-0,00409981659439796;-0,0040234359347282;-0,00367832708169654;-0,00168895010750056;0,00263563952672879
"354";0,028081757877916;0,0234294234515714;0,0144927499498784;0,00297767516367944;0,00159451961379611;-0,00527922541897644;-0,00295675762976813;-0,00358712189235289;-0,000961935371023683;0,00217915986532518
"354.5";0,0268530435940053;0,0240119047649599;0,0141456685882942;0,00353747551590088;0,00138117823910563;-0,00503808027732559;-0,00348851612048712;-0,00323375576602285;-0,000811432218204463;0,00195722301327966
"355";0,0254260667032138;0,0221992369253194;0,014043641860868;0,00153118895179708;0,00155408440537095;-0,00541865310120473;-0,00355308899924189;-0,00325824339486165;-0,000167655948987638;0,00225128885131538
"355.5";0,0268280412278869;0,0222343448560513;0,0134499602856515;0,00199830072036359;0,00135773769066008;-0,00611685868256767;-0,00301481714346911;-0,00274306264195395;-0,000610218095146983;0,00225429161610973
"356";0,0244269703468773;0,0201500963488301;0,0151154859066452;0,00164253028714896;0,000654922141028446;-0,00608942923353989;-0,00264246794951238;-0,00229334959445252;-0,00102011946478535;0,00232952508202657
"356.5";0,0277832718618758;0,0214647860344162;0,0136641191928689;0,00139244030826752;0,00101015625306082;-0,00533003544432355;-0,00353571817108434;-0,00229333459174475;-0,00115127493891552;0,00259757547556076
"357";0,0304582390207639;0,0201010219579012;0,0137878071093254;0,00240328855465905;0,00131578348599237;-0,00457836527841288;-0,0034696268082218;-0,00299250040455489;-0,000363856700773121;0,00165101642694587
"357.5";0,0258911278497087;0,0188288482457957;0,0123980397336654;0,000960932458785852;0,000787330199578607;-0,00546632586815042;-0,00220826275883179;-0,00176170282475068;-0,000788163505385758;0,0016894702500041
"358";0,0261421116534056;0,0207219443772653;0,0134048539246565;0,00145174614080702;0,000765970777908039;-0,00589038660014726;-0,00315128558497455;-0,00255226963471838;-0,000854298441229705;0,00275970052998309
"358.5";0,0275498328394417;0,0191679918131215;0,0120665620060538;0,00156702441027291;0,000585065861252804;-0,00631545692518095;-0,00396163033938273;-0,00234429499783103;9,99531573158466e-05;0,00279979061450381
"359";0,0275975800837165;0,0185988533390552;0,011186262028801;0,000509088278068836;0,000326911206424876;-0,00601524911936806;-0,00423413167616368;-0,00252544350850622;0,000596273797457624;0,00305143226508602
"359.5";0,0262130942433283;0,0199594923521845;0,0122786261933599;0,00142620112575516;0,000969204875320293;-0,00561478902658512;-0,00337919063304952;-0,0022903287518248;-0,000566728562260336;0,00244953219255638
"360";0,0261056619271497;0,0195715410496465;0,0133528836367121;0,0020998349978151;0,00017457457668896;-0,00567924960948771;-0,00387059928012732;-0,00259795914821511;0,000560786915412751;0,00201395543834785
"360.5";0,0264069829924519;0,0175714371523266;0,0117731887526321;0,000791612884170972;0,000969860232995108;-0,00610551985908886;-0,00380319646372245;-0,00234293683382561;0,000841657827754459;0,00215751781725404
"361";0,0262911761906933;0,01721298345347;0,0128025257461659;0,00142310455185199;0,000149774090582934;-0,00622327057036019;-0,00356816795374572;-0,00202464140586174;-0,000276813874180431;0,0028356614759438
"361.5";0,0255849364255736;0,0188987188738323;0,0125830876403099;0,0013114493993034;0,000969018432835589;-0,00651920588808542;-0,00177906629185722;-0,00159449596668051;-0,00113044376815967;0,00190636994069199
"362";0,0283834862749134;0,018364081158768;0,0118858771754216;0,00172340452759128;-3,58960742500821e-05;-0,00597563169278649;-0,00256383514907493;-0,00293502944381297;0,00158428148617334;0,00107991295135214
"362.5";0,0267247786837453;0,0171441512894812;0,0108581662407115;0,000812517511071694;-1,89471013982766e-05;-0,00703715219465558;-0,00236096490934377;-0,00256166730071762;0,000625431193656924;0,00257471303216436
"363";0,0262628704840924;0,0171051989062735;0,0124661009625277;0,00106192048776136;0,000157649430093583;-0,0060997964392555;-0,00329740558422595;-0,00245158398150224;0,000829267613346703;0,00207271548939707
"363.5";0,0269839058782903;0,0151401810133505;0,010564032550444;0,000385629678968033;0,00015783787215097;-0,00563771378838334;-0,00336784540943752;-0,00312984779004624;0,00143169804072399;0,00246490069800061
"364";0,0253385526805931;0,0158188286416561;0,0109208680538268;0,000562549375623111;-0,000870507346835983;-0,00674246453235912;-0,00247988403427056;-0,00211898542991671;-0,00012676865625861;0,00333846316780108
"364.5";0,0256991924008352;0,0157552246927455;0,0106021518076886;0,000109399755077103;0,000340541970362788;-0,00598959678308857;-0,00370108832024585;-0,00177655354635926;-0,000439595997817842;0,00346637408589629
"365";0,0262260693007258;0,0136500115681605;0,00992484955666824;-0,000805710609958522;-0,00181297088418769;-0,00744538638986368;-0,00261432743383451;-0,00340701851721082;0,00172491819144069;0,00412250130421513
"365.5";0,0252003522213163;0,0128623872136792;0,00917767127189571;-0,00149728497671766;-0,00168908434644899;-0,00756231766152542;-0,0030978141190598;-0,00170504075848439;0,00146404810352513;0,00373776508955673
"366";0,0249112626286128;0,0141436196604458;0,00982008801199602;-0,00121799167358741;-0,00087027941044528;-0,0071657446519948;-0,00318535994751138;-0,00169701504365016;0,000218244118792757;0,00413268940704553
"366.5";0,0229941558688758;0,0142529459305171;0,00820705728704711;-0,00168940694672293;-0,000718291571651593;-0,00813659814715584;-0,00310438971312161;-0,00219160102148605;0,000335638477399397;0,00521616665492994
"367";0,0227900269475124;0,0123134604874638;0,00936553478588734;-0,000803017363542593;-0,000130656731345547;-0,00623043706604822;-0,00377758502001417;-0,00260726914011612;0,000631622440305391;0,00426202464920587
"367.5";0,0235410564823995;0,0124077746283591;0,00906645345588322;-0,00131942693332328;-5,07044689395909e-05;-0,00650461150007244;-0,00378915318617758;-0,00193883768241368;-0,000599341569751704;0,00512207403902397
"368";0,0223668158716338;0,0130845804010556;0,00801393317473595;-0,00233793068470718;-0,000327199595070347;-0,00699674605959774;-0,00391708755750431;-0,000675949670309773;0,00121139820297443;0,00334673130930688
"368.5";0,0237051970870188;0,0119330768603375;0,00814809449417451;-0,00142464752440215;-0,000751084639807918;-0,00689929467950926;-0,00490579828725698;-0,00276183602209411;0,00157160759058473;0,00520360692529978
"369";0,0236177304650585;0,0116756792710513;0,00901677222377781;-0,00189959931109789;-0,00140856908336538;-0,0069554396933007;-0,0032948280416488;-0,00237203761768926;0,00253700648612025;0,00326180947018808
"369.5";0,0242546807935921;0,0116786426141241;0,00863278224629799;-0,00148008918340194;-0,00141507319433535;-0,00656228005743424;-0,00337942879075972;-0,00299520667714728;0,00188755332863818;0,00412137055549624
"370";0,0243262086427425;0,0125988573171052;0,00867383603761932;-0,00095467028946787;-0,00150027646744696;-0,0078462147889384;-0,00442731428470663;-0,00277856789170431;0,00195847204772343;0,0050480559788695
"370.5";0,0249250071630338;0,0122529886891568;0,00780154910116082;-0,00212306456946233;-0,000474787535729892;-0,00740016094576748;-0,00453781643235581;-0,00228015120288149;0,00121440916787931;0,00523334742068778
"371";0,0241967146248574;0,0114126860436548;0,00807814880973623;-0,00215014226188464;-0,00165910114926217;-0,00728514035304428;-0,00418936875502061;-0,00189229916547384;0,00154381552153243;0,00484274431271389
"371.5";0,024344642975944;0,0124142270475077;0,00702416704389951;-0,00247803591631807;-0,00160998970328589;-0,00768807032585369;-0,00379220187633987;-0,00390271030952754;0,00341921493449087;0,00482569070985375
"372";0,0240432745776919;0,01157398063736;0,0082752389073785;-0,00285144239851427;-0,00156986004456541;-0,00734847751024054;-0,00460029198349052;-0,00228350136641031;0,00100661539506105;0,00604303368707372
"372.5";0,023229865394827;0,0106129206102473;0,00718001331444551;-0,0030408972970818;-0,00207471647349191;-0,00739719550423589;-0,00440734834836591;-0,00203329963807823;0,00231865460061195;0,0050728380744963
"373";0,0230095432644741;0,0110967599582779;0,00678932577580331;-0,00204898659122188;-0,00182462071205598;-0,00839232759227834;-0,00399775055730162;-0,00228870956840966;0,00249292798442293;0,00503605712617806
"373.5";0,0224845591401183;0,0111558852258276;0,00710276223414289;-0,00252108121407734;-0,00212184191994089;-0,00788256706278873;-0,00419296168653692;-0,00202923559665216;0,00145861725621122;0,00582526674766073
"374";0,0234506821806391;0,011011538693444;0,00752249328227976;-0,00269090595149008;-0,00199548188632562;-0,00687615512993373;-0,00443133781965107;-0,00455612273955243;0,00268544935886442;0,00625649330920446
"374.5";0,0216061852390082;0,0101867027488646;0,00601017941925758;-0,00366697109893903;-0,00192468165143924;-0,00808512420824801;-0,00368762403224422;-0,00171091064008432;0,00254064986624996;0,00487175725389793
"375";0,0230389091506453;0,0119685733831628;0,00678640576409828;-0,00257391919050455;-0,000700905884116328;-0,00744387910557523;-0,00420740309725879;-0,00219673470754611;0,0020003154554444;0,00469323493849714
"375.5";0,0249377688204654;0,0119414642455123;0,00689166799587819;-0,00238738015410687;-0,00208896782469554;-0,00863835040746355;-0,00417004104044835;-0,0028926248638771;0,00111276078205128;0,00704731821350685
"376";0,0216594050318175;0,0103181463631505;0,00720522929279795;-0,00362143788424391;-0,00216437573960581;-0,00721040991874124;-0,00402724828921307;-0,00225818452459871;0,00159362927254733;0,00580174877075209
"376.5";0,0216190058108749;0,0103632031515975;0,0061332738388215;-0,00354314209098661;-0,00137777565220143;-0,00789571572215141;-0,00534391981914591;-0,00255425869359617;0,000582665456368035;0,0080221833366928
"377";0,0221865254352548;0,0109357139222546;0,00779955841534675;-0,00301343482957881;-0,00168993852978759;-0,00816788348319591;-0,00390140844566988;-0,00194422581630171;0,000932825640251004;0,00606722307405033
"377.5";0,0219867193367443;0,0107657895183678;0,00649657088163524;-0,00230314197562206;-0,00269090067440942;-0,00780660028425943;-0,00489657806158673;-0,00468975497221959;0,00220144655271955;0,00797243694808151
"378";0,02293714256187;0,0112947879981688;0,00678387691306832;-0,00304347434753539;-0,00194203618577853;-0,0072752808821571;-0,00458458667407614;-0,00353798365983415;0,000987692614425012;0,00747230865901488
"378.5";0,024737026050904;0,0109059752518034;0,00635093570162119;-0,00261500035259338;-0,00173150304450575;-0,00788224977137074;-0,00473938172311303;-0,00285327876855071;0,00286105243976292;0,00551351239059428
"379";0,0238319797616486;0,0112512700623874;0,00621105962502203;-0,00391953449280039;-0,00240774370846094;-0,00873468980178329;-0,00463579230813174;-0,00414070665728728;0,00282763843001251;0,00755251117968357
"379.5";0,0237213470049285;0,0112112059196026;0,00618056282294483;-0,00393651999636166;-0,00174245402021029;-0,0088521769549773;-0,00370674939593753;-0,00399191349389699;0,00223115122388952;0,00718373735348224
"380";0,0237470654443941;0,0107479325843706;0,00653350154573974;-0,00395461292352975;-0,00279828378558521;-0,00874403299963024;-0,00389335790106411;-0,00233777569157432;0,00196350980326018;0,00657684960824389
"380.5";0,0228205875016828;0,0113080405061109;0,00566702923971906;-0,00307559162658429;-0,00224023651907706;-0,00842592086087752;-0,00438989039609268;-0,00357130535685877;0,00102641750150817;0,00823466354027376
"381";0,0229875809637076;0,0110316039818804;0,00622244037247206;-0,00288527071607792;-0,00234031733192319;-0,00747795748894233;-0,00380346920441529;-0,00227607326990607;0,000425321019615058;0,00679519359472758
"381.5";0,0239585896216472;0,011026383995634;0,0067709651679297;-0,0028584119845846;-0,00124271915385767;-0,00812851618118105;-0,00529902521918249;-0,00190283542974154;0,00190949772032777;0,00594030874035261
"382";0,024732606982325;0,0121724817617092;0,00594769442346183;-0,00315472531032618;-0,00122694147107708;-0,0078804292948413;-0,00490644265780666;-0,00299810128033305;0,00244264378361712;0,00601961903949138
"382.5";0,0239856515847742;0,0123562749313871;0,00660115251004534;-0,00307074965704348;-0,00228481955367123;-0,00787756516464733;-0,00410371315580776;-0,00363833474913497;0,0019984099677402;0,0066767098327124
"383";0,0235170412588554;0,012633663361912;0,00725165156585066;-0,00219459364340968;-0,00126702764411928;-0,00801537157021686;-0,00404564041342287;-0,00239834529447192;0,00130880076892342;0,00562405335258375
"383.5";0,024328368365467;0,012105882974027;0,00602262379573265;-0,00299220599767485;-0,00180939378695642;-0,00836764728838859;-0,00372096896921386;-0,00361043743880055;0,00264936410045023;0,00596924252677149
"384";0,0232619066839199;0,0115689037889332;0,00574652279681863;-0,00310561044956354;-0,0025518515536325;-0,00831331710638383;-0,00362326225012615;-0,00243894377218653;0,00181818304942015;0,00613580997425124
"384.5";0,0234580504513068;0,0121528702681415;0,00546790520808462;-0,00390745628774304;-0,00158249549209828;-0,00791814564239115;-0,00537849632118223;-0,00239245299242558;0,00243822837688993;0,00632308134382078
"385";0,0252306254052997;0,0118691645560048;0,006226775931177;-0,00335875746407363;-0,00189864123498879;-0,00761088516304345;-0,00514604757260514;-0,00324988298723071;0,00356103745186914;0,00549786026625706
"385.5";0,0247758485627327;0,0132314822183841;0,0064123965175507;-0,00388810740087267;-0,00150179424428958;-0,00777936140119448;-0,00352508109657411;-0,00324305397388358;0,00116996887636103;0,00653040071523303
"386";0,0248681587975284;0,0131373378115486;0,00621691860036287;-0,00329581572484093;-0,00180215563067081;-0,00810586980409124;-0,00387961915769648;-0,00413163666483456;0,0012709327296573;0,0075384947355006
"386.5";0,0244340761135021;0,0125956967994424;0,00561506597145571;-0,00308394915270968;-0,00174817138728045;-0,00816203391037976;-0,00401783423769373;-0,00432514262122283;0,0029907812330615;0,00633071319825233
"387";0,024433317325705;0,0137622563369185;0,00632766455021502;-0,00349080896928582;-0,00149092871258121;-0,00740899324427779;-0,00510387956442872;-0,00331610199354779;0,0034056106634241;0,00528331886034234
"387.5";0,0241296079983836;0,0133449749425034;0,00584909127021501;-0,00316287694545002;-0,00204082643751487;-0,00860654149413617;-0,00514775864691446;-0,00291346145813845;0,00224197167018868;0,00691309310961897
"388";0,0238516760602525;0,0127444474718912;0,00612992102975258;-0,00318619082757863;-0,00154744848999255;-0,00772680077984504;-0,00449718498566842;-0,00397664381832874;0,00115022499619846;0,0076807196193475
"388.5";0,0230939639463077;0,0130958608347453;0,00600446784681504;-0,0035991507414019;-0,00142695344419075;-0,00720944524616002;-0,00476387243317663;-0,00331505516976237;0,00216173733231614;0,00622350478667718
"389";0,0245519773293317;0,013209350232864;0,00647079253318511;-0,00375862461128657;-0,00199753905040087;-0,00744172533862824;-0,00583534657751421;-0,00401225789090754;0,0027948083114706;0,00716502247785686
"389.5";0,0237616631357322;0,0135172502240761;0,00629459878621103;-0,00338026549572321;-0,00193445467027729;-0,00760768290919521;-0,00503720766810494;-0,00393072555264058;0,00276611197691239;0,00658465321859333
"390";0,0261085230043334;0,0131332805183559;0,00660153891183088;-0,00265202768933532;-0,000890052593315814;-0,00696098292050859;-0,00467456914015445;-0,00481431534713881;0,00177670658966365;0,00692297670513261
"390.5";0,0246217199117046;0,0138834178522715;0,00639968779116563;-0,00342922135074054;-0,0013167396627335;-0,00774780108894627;-0,00458704595058966;-0,00342551077146778;0,0014073313543338;0,0068934841398028
"391";0,0232578473013135;0,0134116809231228;0,00639679200100433;-0,0031380237826808;-0,00150700530732767;-0,00702151009356399;-0,00478967535665147;-0,00329962704941616;0,00335482162329165;0,00486331993376902
"391.5";0,0245353690554345;0,0143541965793343;0,00609835792905809;-0,00333049397325707;-0,00158876578808408;-0,00763966284947573;-0,00465293325749431;-0,00403773578930069;0,00288781322423211;0,00611164582993962
"392";0,0252941698480638;0,0137211674849969;0,00687118441293081;-0,00255068547410232;-0,00148092898769854;-0,00738621828376428;-0,00480722275409897;-0,00341858861581017;0,00174818535835385;0,00627851955103684
"392.5";0,0249006809191032;0,0131768688101043;0,00625162196159466;-0,00320528321183154;-0,00211658394653054;-0,0073531645849598;-0,00476068124446426;-0,00379958116307651;0,00155166142997287;0,00728329897010322
"393";0,0252830965512836;0,0136980333966106;0,00684885337995322;-0,0025582650318707;-0,0013837721806077;-0,00718824510165222;-0,00441759342413761;-0,00483710940547664;0,00184724955748363;0,00691683861877903
"393.5";0,0268003418720037;0,0146305822410471;0,00747846856019442;-0,00211343059849018;-0,00100818110919144;-0,00750154941529193;-0,00464416106141462;-0,00492730033041523;0,00193455593869755;0,00673573939553661
"394";0,0262100510076988;0,0152348591878573;0,00654495576231322;-0,00310492173405891;-0,00199773203552371;-0,00718124088212094;-0,00496373452443773;-0,00408477653623831;0,000849365665163263;0,00785888062973071
"394.5";0,0281627006297493;0,0162145493907102;0,00700851602639018;-0,00207067079407364;-0,000490344869346828;-0,00725851180503616;-0,00504868794848828;-0,00461986789763755;0,0025283574423417;0,0057859421292485
"395";0,0260955688401567;0,0159017081350033;0,00761403472992256;-0,00176901983933283;-0,00107744497901023;-0,00719103612904831;-0,00498318184126571;-0,0050056353275806;0,00233497631363332;0,00631857560322612
"395.5";0,0257687309476834;0,0151209382186446;0,00659485203108692;-0,00203438289213057;-0,000758472508859969;-0,00708364586542614;-0,00554967071732191;-0,00386048937289378;0,00148415841643984;0,00668858589594538
"396";0,0259090223083087;0,0147027842618213;0,00698475623104631;-0,00202112381410604;-0,000935666706105152;-0,00673058078526851;-0,00470163924755783;-0,00411990203246261;0,00136447047787395;0,00628580551289542
"396.5";0,0256445621922142;0,0151746436185064;0,00673638348140719;-0,00269651169402989;-0,000309824176133383;-0,00711900366978999;-0,00460850174331086;-0,00516039599726543;0,00149382165248081;0,00708005170019271
"397";0,0274365035529424;0,0155690161597722;0,00750735747889494;-0,00168049150633647;-0,000553792044995539;-0,00695446678461793;-0,00402483202942125;-0,00521960131047739;0,00150769564680591;0,00625108294061161
"397.5";0,0267372937567961;0,0157286827205904;0,00812365125485369;-0,00167733390860595;-0,000114278133130043;-0,00685536275855338;-0,00530437063876434;-0,00532105019271644;0,00201759602941684;0,0063997705896276
"398";0,0282223603266224;0,0156705909630323;0,00838630825239695;-0,00120640956224923;-0,000175316707759974;-0,00662216845131471;-0,00473768799053229;-0,0054598712661671;0,00191605807003043;0,00591758372904325
"398.5";0,028162850881999;0,0160884931490506;0,00792503788680214;-0,00220155820631863;0,00010708179967145;-0,00743783748917711;-0,00448792908070099;-0,00533984325313594;0,00150663776024895;0,00665154541234403
"399";0,0293323534668501;0,0155590162267727;0,00765190470593066;-0,00137187170599045;-0,000546878739257231;-0,00711634895187768;-0,00574374004684822;-0,00492475031601521;0,00137367309683768;0,00718888529168358
"399.5";0,0290382572284086;0,0156506831986397;0,00796134595649858;-0,000910317199325032;0,000127314706910049;-0,0076644978028694;-0,00527744488334269;-0,00576332908591853;0,00113379428536207;0,00761524632619397
"400";0,027810808630077;0,0163315407861375;0,00849800192093337;-0,00138620687708076;-0,00014654200668318;-0,00708000599990119;-0,00513901190100927;-0,0052625602292303;0,00100686426481838;0,00705299284879159
"400.5";NA;NA;NA;NA;NA;NA;NA;NA;NA;NA
"401";NA;NA;NA;NA;NA;NA;NA;NA;NA;NA
"401.5";NA;NA;NA;NA;NA;NA;NA;NA;NA;NA
"402";NA;NA;NA;NA;NA;NA;NA;NA;NA;NA
"402.5";NA;NA;NA;NA;NA;NA;NA;NA;NA;NA
"403";NA;NA;NA;NA;NA;NA;NA;NA;NA;NA
"403.5";NA;NA;NA;NA;NA;NA;NA;NA;NA;NA
"404";NA;NA;NA;NA;NA;NA;NA;NA;NA;NA
"404.5";NA;NA;NA;NA;NA;NA;NA;NA;NA;NA
"405";NA;NA;NA;NA;NA;NA;NA;NA;NA;NA
"405.5";NA;NA;NA;NA;NA;NA;NA;NA;NA;NA
"406";NA;NA;NA;NA;NA;NA;NA;NA;NA;NA
"406.5";NA;NA;NA;NA;NA;NA;NA;NA;NA;NA
"407";NA;NA;NA;NA;NA;NA;NA;NA;NA;NA
"407.5";NA;NA;NA;NA;NA;NA;NA;NA;NA;NA
"408";NA;NA;NA;NA;NA;NA;NA;NA;NA;NA
"408.5";NA;NA;NA;NA;NA;NA;NA;NA;NA;NA
"409";NA;NA;NA;NA;NA;NA;NA;NA;NA;NA
"409.5";NA;NA;NA;NA;NA;NA;NA;NA;NA;NA
"410";NA;NA;NA;NA;NA;NA;NA;NA;NA;NA
"410.5";NA;NA;NA;NA;NA;NA;NA;NA;NA;NA
"411";NA;NA;NA;NA;NA;NA;NA;NA;NA;NA
"411.5";NA;NA;NA;NA;NA;NA;NA;NA;NA;NA
"412";NA;NA;NA;NA;NA;NA;NA;NA;NA;NA
"412.5";NA;NA;NA;NA;NA;NA;NA;NA;NA;NA
"413";NA;NA;NA;NA;NA;NA;NA;NA;NA;NA
"413.5";NA;NA;NA;NA;NA;NA;NA;NA;NA;NA
"414";NA;NA;NA;NA;NA;NA;NA;NA;NA;NA
"414.5";NA;NA;NA;NA;NA;NA;NA;NA;NA;NA
"415";NA;NA;NA;NA;NA;NA;NA;NA;NA;NA
"415.5";NA;NA;NA;NA;NA;NA;NA;NA;NA;NA
"416";NA;NA;NA;NA;NA;NA;NA;NA;NA;NA
"416.5";NA;NA;NA;NA;NA;NA;NA;NA;NA;NA
"417";NA;NA;NA;NA;NA;NA;NA;NA;NA;NA
"417.5";NA;NA;NA;NA;NA;NA;NA;NA;NA;NA
"418";NA;NA;NA;NA;NA;NA;NA;NA;NA;NA
"418.5";NA;NA;NA;NA;NA;NA;NA;NA;NA;NA
"419";NA;NA;NA;NA;NA;NA;NA;NA;NA;NA
"419.5";NA;NA;NA;NA;NA;NA;NA;NA;NA;NA
"420";NA;NA;NA;NA;NA;NA;NA;NA;NA;NA
"420.5";NA;NA;NA;NA;NA;NA;NA;NA;NA;NA
"421";NA;NA;NA;NA;NA;NA;NA;NA;NA;NA
"421.5";NA;NA;NA;NA;NA;NA;NA;NA;NA;NA
"422";NA;NA;NA;NA;NA;NA;NA;NA;NA;NA
"422.5";NA;NA;NA;NA;NA;NA;NA;NA;NA;NA
"423";NA;NA;NA;NA;NA;NA;NA;NA;NA;NA
"423.5";NA;NA;NA;NA;NA;NA;NA;NA;NA;NA
"424";NA;NA;NA;NA;NA;NA;NA;NA;NA;NA
"424.5";NA;NA;NA;NA;NA;NA;NA;NA;NA;NA
"425";NA;NA;NA;NA;NA;NA;NA;NA;NA;NA
"425.5";NA;NA;NA;NA;NA;NA;NA;NA;NA;NA
"426";NA;NA;NA;NA;NA;NA;NA;NA;NA;NA
"426.5";NA;NA;NA;NA;NA;NA;NA;NA;NA;NA
"427";NA;NA;NA;NA;NA;NA;NA;NA;NA;NA
"427.5";NA;NA;NA;NA;NA;NA;NA;NA;NA;NA
"428";NA;NA;NA;NA;NA;NA;NA;NA;NA;NA
"428.5";NA;NA;NA;NA;NA;NA;NA;NA;NA;NA
"429";NA;NA;NA;NA;NA;NA;NA;NA;NA;NA
"429.5";NA;NA;NA;NA;NA;NA;NA;NA;NA;NA
"430";NA;NA;NA;NA;NA;NA;NA;NA;NA;NA
"430.5";NA;NA;NA;NA;NA;NA;NA;NA;NA;NA
"431";NA;NA;NA;NA;NA;NA;NA;NA;NA;NA
"431.5";NA;NA;NA;NA;NA;NA;NA;NA;NA;NA
"432";NA;NA;NA;NA;NA;NA;NA;NA;NA;NA
"432.5";NA;NA;NA;NA;NA;NA;NA;NA;NA;NA
"433";NA;NA;NA;NA;NA;NA;NA;NA;NA;NA
"433.5";NA;NA;NA;NA;NA;NA;NA;NA;NA;NA
"434";NA;NA;NA;NA;NA;NA;NA;NA;NA;NA
"434.5";NA;NA;NA;NA;NA;NA;NA;NA;NA;NA
"435";NA;NA;NA;NA;NA;NA;NA;NA;NA;NA
"435.5";NA;NA;NA;NA;NA;NA;NA;NA;NA;NA
"436";NA;NA;NA;NA;NA;NA;NA;NA;NA;NA
"436.5";NA;NA;NA;NA;NA;NA;NA;NA;NA;NA
"437";NA;NA;NA;NA;NA;NA;NA;NA;NA;NA
"437.5";NA;NA;NA;NA;NA;NA;NA;NA;NA;NA
"438";NA;NA;NA;NA;NA;NA;NA;NA;NA;NA
"438.5";NA;NA;NA;NA;NA;NA;NA;NA;NA;NA
"439";NA;NA;NA;NA;NA;NA;NA;NA;NA;NA
"439.5";NA;NA;NA;NA;NA;NA;NA;NA;NA;NA
"440";NA;NA;NA;NA;NA;NA;NA;NA;NA;NA
"440.5";NA;NA;NA;NA;NA;NA;NA;NA;NA;NA
"441";NA;NA;NA;NA;NA;NA;NA;NA;NA;NA
"441.5";NA;NA;NA;NA;NA;NA;NA;NA;NA;NA
"442";NA;NA;NA;NA;NA;NA;NA;NA;NA;NA
"442.5";NA;NA;NA;NA;NA;NA;NA;NA;NA;NA
"443";NA;NA;NA;NA;NA;NA;NA;NA;NA;NA
"443.5";NA;NA;NA;NA;NA;NA;NA;NA;NA;NA
"444";NA;NA;NA;NA;NA;NA;NA;NA;NA;NA
"444.5";NA;NA;NA;NA;NA;NA;NA;NA;NA;NA
"445";NA;NA;NA;NA;NA;NA;NA;NA;NA;NA
"445.5";NA;NA;NA;NA;NA;NA;NA;NA;NA;NA
"446";NA;NA;NA;NA;NA;NA;NA;NA;NA;NA
"446.5";NA;NA;NA;NA;NA;NA;NA;NA;NA;NA
"447";NA;NA;NA;NA;NA;NA;NA;NA;NA;NA
"447.5";NA;NA;NA;NA;NA;NA;NA;NA;NA;NA
"448";NA;NA;NA;NA;NA;NA;NA;NA;NA;NA
"448.5";NA;NA;NA;NA;NA;NA;NA;NA;NA;NA
"449";NA;NA;NA;NA;NA;NA;NA;NA;NA;NA
"449.5";NA;NA;NA;NA;NA;NA;NA;NA;NA;NA
"450";NA;NA;NA;NA;NA;NA;NA;NA;NA;NA
"450.5";NA;NA;NA;NA;NA;NA;NA;NA;NA;NA
"451";NA;NA;NA;NA;NA;NA;NA;NA;NA;NA
"451.5";NA;NA;NA;NA;NA;NA;NA;NA;NA;NA
"452";NA;NA;NA;NA;NA;NA;NA;NA;NA;NA
"452.5";NA;NA;NA;NA;NA;NA;NA;NA;NA;NA
"453";NA;NA;NA;NA;NA;NA;NA;NA;NA;NA
"453.5";NA;NA;NA;NA;NA;NA;NA;NA;NA;NA
"454";NA;NA;NA;NA;NA;NA;NA;NA;NA;NA
"454.5";NA;NA;NA;NA;NA;NA;NA;NA;NA;NA
"455";NA;NA;NA;NA;NA;NA;NA;NA;NA;NA
"455.5";NA;NA;NA;NA;NA;NA;NA;NA;NA;NA
"456";NA;NA;NA;NA;NA;NA;NA;NA;NA;NA
"456.5";NA;NA;NA;NA;NA;NA;NA;NA;NA;NA
"457";NA;NA;NA;NA;NA;NA;NA;NA;NA;NA
"457.5";NA;NA;NA;NA;NA;NA;NA;NA;NA;NA
"458";NA;NA;NA;NA;NA;NA;NA;NA;NA;NA
"458.5";NA;NA;NA;NA;NA;NA;NA;NA;NA;NA
"459";NA;NA;NA;NA;NA;NA;NA;NA;NA;NA
"459.5";NA;NA;NA;NA;NA;NA;NA;NA;NA;NA
"460";NA;NA;NA;NA;NA;NA;NA;NA;NA;NA
"460.5";NA;NA;NA;NA;NA;NA;NA;NA;NA;NA
"461";NA;NA;NA;NA;NA;NA;NA;NA;NA;NA
"461.5";NA;NA;NA;NA;NA;NA;NA;NA;NA;NA
"462";NA;NA;NA;NA;NA;NA;NA;NA;NA;NA
"462.5";NA;NA;NA;NA;NA;NA;NA;NA;NA;NA
"463";NA;NA;NA;NA;NA;NA;NA;NA;NA;NA
"463.5";NA;NA;NA;NA;NA;NA;NA;NA;NA;NA
"464";NA;NA;NA;NA;NA;NA;NA;NA;NA;NA
"464.5";NA;NA;NA;NA;NA;NA;NA;NA;NA;NA
"465";NA;NA;NA;NA;NA;NA;NA;NA;NA;NA
"465.5";NA;NA;NA;NA;NA;NA;NA;NA;NA;NA
"466";NA;NA;NA;NA;NA;NA;NA;NA;NA;NA
"466.5";NA;NA;NA;NA;NA;NA;NA;NA;NA;NA
"467";NA;NA;NA;NA;NA;NA;NA;NA;NA;NA
"467.5";NA;NA;NA;NA;NA;NA;NA;NA;NA;NA
"468";NA;NA;NA;NA;NA;NA;NA;NA;NA;NA
"468.5";NA;NA;NA;NA;NA;NA;NA;NA;NA;NA
"469";NA;NA;NA;NA;NA;NA;NA;NA;NA;NA
"469.5";NA;NA;NA;NA;NA;NA;NA;NA;NA;NA
"470";NA;NA;NA;NA;NA;NA;NA;NA;NA;NA
"470.5";NA;NA;NA;NA;NA;NA;NA;NA;NA;NA
"471";NA;NA;NA;NA;NA;NA;NA;NA;NA;NA
"471.5";NA;NA;NA;NA;NA;NA;NA;NA;NA;NA
"472";NA;NA;NA;NA;NA;NA;NA;NA;NA;NA
"472.5";NA;NA;NA;NA;NA;NA;NA;NA;NA;NA
"473";NA;NA;NA;NA;NA;NA;NA;NA;NA;NA
"473.5";NA;NA;NA;NA;NA;NA;NA;NA;NA;NA
"474";NA;NA;NA;NA;NA;NA;NA;NA;NA;NA
"474.5";NA;NA;NA;NA;NA;NA;NA;NA;NA;NA
"475";NA;NA;NA;NA;NA;NA;NA;NA;NA;NA
"475.5";NA;NA;NA;NA;NA;NA;NA;NA;NA;NA
"476";NA;NA;NA;NA;NA;NA;NA;NA;NA;NA
"476.5";NA;NA;NA;NA;NA;NA;NA;NA;NA;NA
"477";NA;NA;NA;NA;NA;NA;NA;NA;NA;NA
"477.5";NA;NA;NA;NA;NA;NA;NA;NA;NA;NA
"478";NA;NA;NA;NA;NA;NA;NA;NA;NA;NA
"478.5";NA;NA;NA;NA;NA;NA;NA;NA;NA;NA
"479";NA;NA;NA;NA;NA;NA;NA;NA;NA;NA
"479.5";NA;NA;NA;NA;NA;NA;NA;NA;NA;NA
"480";NA;NA;NA;NA;NA;NA;NA;NA;NA;NA
"480.5";NA;NA;NA;NA;NA;NA;NA;NA;NA;NA
"481";NA;NA;NA;NA;NA;NA;NA;NA;NA;NA
"481.5";NA;NA;NA;NA;NA;NA;NA;NA;NA;NA
"482";NA;NA;NA;NA;NA;NA;NA;NA;NA;NA
"482.5";NA;NA;NA;NA;NA;NA;NA;NA;NA;NA
"483";NA;NA;NA;NA;NA;NA;NA;NA;NA;NA
"483.5";NA;NA;NA;NA;NA;NA;NA;NA;NA;NA
"484";NA;NA;NA;NA;NA;NA;NA;NA;NA;NA
"484.5";NA;NA;NA;NA;NA;NA;NA;NA;NA;NA
"485";NA;NA;NA;NA;NA;NA;NA;NA;NA;NA
"485.5";NA;NA;NA;NA;NA;NA;NA;NA;NA;NA
"486";NA;NA;NA;NA;NA;NA;NA;NA;NA;NA
"486.5";NA;NA;NA;NA;NA;NA;NA;NA;NA;NA
"487";NA;NA;NA;NA;NA;NA;NA;NA;NA;NA
"487.5";NA;NA;NA;NA;NA;NA;NA;NA;NA;NA
"488";NA;NA;NA;NA;NA;NA;NA;NA;NA;NA
"488.5";NA;NA;NA;NA;NA;NA;NA;NA;NA;NA
"489";NA;NA;NA;NA;NA;NA;NA;NA;NA;NA
"489.5";NA;NA;NA;NA;NA;NA;NA;NA;NA;NA
"490";NA;NA;NA;NA;NA;NA;NA;NA;NA;NA
"490.5";NA;NA;NA;NA;NA;NA;NA;NA;NA;NA
"491";NA;NA;NA;NA;NA;NA;NA;NA;NA;NA
"491.5";NA;NA;NA;NA;NA;NA;NA;NA;NA;NA
"492";NA;NA;NA;NA;NA;NA;NA;NA;NA;NA
"492.5";NA;NA;NA;NA;NA;NA;NA;NA;NA;NA
"493";NA;NA;NA;NA;NA;NA;NA;NA;NA;NA
"493.5";NA;NA;NA;NA;NA;NA;NA;NA;NA;NA
"494";NA;NA;NA;NA;NA;NA;NA;NA;NA;NA
"494.5";NA;NA;NA;NA;NA;NA;NA;NA;NA;NA
"495";NA;NA;NA;NA;NA;NA;NA;NA;NA;NA
"495.5";NA;NA;NA;NA;NA;NA;NA;NA;NA;NA
"496";NA;NA;NA;NA;NA;NA;NA;NA;NA;NA
"496.5";NA;NA;NA;NA;NA;NA;NA;NA;NA;NA
"497";NA;NA;NA;NA;NA;NA;NA;NA;NA;NA
"497.5";NA;NA;NA;NA;NA;NA;NA;NA;NA;NA
"498";NA;NA;NA;NA;NA;NA;NA;NA;NA;NA
"498.5";NA;NA;NA;NA;NA;NA;NA;NA;NA;NA
"499";NA;NA;NA;NA;NA;NA;NA;NA;NA;NA
"499.5";NA;NA;NA;NA;NA;NA;NA;NA;NA;NA
"500";NA;NA;NA;NA;NA;NA;NA;NA;NA;NA
